"id","name","date_from","date_to","brand_id"
278,"145 (930_)","1994-07","2001-01",2
1321,"146 (930_)","1994-12","2001-10",2
4735,"147 (937_)","2000-10","2010-12",2
282,"155 (167_)","1992-01","1997-12",2
2053,"156 (932_)","1997-09","2005-10",2
4635,"156 Sportwagon (932_)","1997-02","2006-05",2
5452,"159 (939_)","2005-06","2012-12",2
5543,"159 Sportwagon (939_)","2005-06","2012-12",2
287,"164 (164_)","1987-01","1998-10",2
3891,"166 (936_)","1998-09","2007-06",2
1818,"1750-2000 (105_)","1968-03","1975-07",2
7546,"1900 (190_)","1950-10","1959-09",2
4626,"2300 (102_)","1974-03","1987-12",2
7549,"2600 Berlina (117_)","1962-01","1969-12",2
7548,"2600 Spider (117_)","1961-01","1965-12",2
7547,"2600 Sprint (117_)","1962-01","1966-12",2
291,"33 (905_)","1983-05","1993-12",2
295,"33 (907_)","1990-01","1994-09",2
300,"33 Sportwagon (905_)","1984-01","1989-12",2
305,"33 Sportwagon (907_)","1990-01","1994-09",2
11241,"4C (960_)","2013-03","2020-12",2
13239,"4C SPIDER (960_)","2014-10","2020-12",2
309,"6 (119_)","1979-04","1986-12",2
312,"75 (162_)","1985-05","1992-12",2
9069,"8C (920_)","2007-01","2009-10",2
9071,"8C SPIDER (920_)","2008-01","2010-10",2
316,"90 (162_)","1984-09","1987-11",2
321,ALFASUD (901_),"1972-06","1985-06",2
325,ALFASUD Giardinetta (904_),"1978-01","1981-12",2
329,ALFASUD Sprint (902_),"1976-09","1989-12",2
339,ALFETTA (116_),"1974-07","1984-12",2
334,ALFETTA GT (116_),"1974-01","1986-01",2
3847,AR 6 Bus (280_),"1985-04","1989-12",2
3848,AR 6 Van (280_),"1985-04","1989-12",2
3850,AR 8 Platform/Chassis (280_),"1978-04","1989-12",2
3849,AR 8 Van (280_),"1978-04","1989-12",2
353,ARNA (920_),"1983-03","1986-12",2
5479,BRERA (939_),"2006-01","2011-05",2
345,GIULIA (105_),"1962-01","1979-03",2
3686,GIULIA GT (105_),"1962-01","1980-12",2
10217,GIULIA SPIDER (101_),"1962-03","1969-02",2
483,GIULIETTA (116_),"1977-10","1985-12",2
8603,GIULIETTA (940_),"2010-04","2020-12",2
7551,GIULIETTA Berlina (101_),"1955-01","1962-12",2
7555,GIULIETTA Coupe (101_),"1958-01","1961-12",2
7553,GIULIETTA Estate (101_),"1957-01","1962-12",2
7552,GIULIETTA Spider (101_),"1955-01","1962-12",2
7550,GIULIETTA Sprint (101_),"1954-01","1962-12",2
7554,GIULIETTA Sprint Speciale (101_),"1958-01","1961-12",2
536,GT (105_),"1963-03","1977-12",2
5080,GT (937_),"2003-11","2010-09",2
4625,GTA Coupe (113_),"1968-05","1976-12",2
3389,GTV (116_),"1978-01","1987-02",2
1460,GTV (916_),"1994-09","2005-10",2
7556,MATTA Open Off-Road Vehicle (AR5_),"1952-01","1954-12",2
7587,MITO (955_),"2008-08","2018-10",2
1819,MONTREAL (105_),"1972-12","1979-03",2
3602,RZ (162_),"1992-01","1994-12",2
10181,SPIDER (102_),"1958-01","1961-12",2
289,SPIDER (105_),"1966-03","1977-12",2
293,SPIDER (115_),"1971-01","1993-12",2
1461,SPIDER (916_),"1994-09","2005-04",2
5567,SPIDER (939_),"2006-03","2011-03",2
3507,SZ (162_),"1988-09","1994-08",2
1740,AU 1000,"1958-04","1965-06",3
1745,AU 1000 Coupe,"1958-06","1965-06",3
1726,DKW F10,"1950-04","1953-06",3
1729,DKW F102,"1964-03","1966-08",3
1727,DKW F11,"1959-02","1966-08",3
1728,DKW F12,"1962-11","1966-08",3
3584,DKW F12 Convertible,"1962-11","1966-08",3
1730,DKW MEISTERKLASSE F,"1950-08","1955-02",3
1731,DKW MEISTERKLASSE Universal,"1951-12","1955-02",3
1732,DKW SONDERKLASSE,"1953-04","1957-02",3
3496,DKW SONDERKLASSE F,"1955-09","1960-02",3
1734,DKW SONDERKLASSE F Universal,"1956-05","1960-02",3
1733,DKW SONDERKLASSE Universal,"1953-04","1957-02",3
1725,MUNGA,"1956-11","1969-06",3
48,"100 C1 Coupe (817)","1970-01","1976-12",5
53,"100 C1 Saloon (801, 803, 805, 807, 811, 813, F104)","1968-11","1976-07",5
25,"100 C2 Avant (435, 436)","1977-07","1983-02",5
10,"100 C2 Saloon (431, 433, 434)","1976-06","1984-08",5
30,"100 C3 Avant (445, 446)","1982-08","1990-11",5
13,"100 C3 Saloon (443, 444)","1982-08","1991-07",5
36,"100 C4 Avant (4A5)","1990-12","1994-11",5
19,"100 C4 Saloon (4A2)","1990-12","1996-04",5
172,"200 C2 Saloon (437, 438)","1979-10","1982-09",5
1940,"200 C3 Avant (447, 448)","1983-09","1991-12",5
176,"200 C3 Saloon (447, 448)","1983-06","1991-12",5
433,"50 (863)","1974-08","1978-07",5
1500,"60 (613, 615)","1968-09","1972-08",5
1501,"60 Variant (613, 615)","1968-09","1972-08",5
8552,"72 (613, 615)","1965-08","1968-08",5
8553,"72 Variant (613, 615)","1966-04","1968-08",5
1502,"75 (613, 615)","1968-09","1972-08",5
4553,"75 Variant (615)","1968-09","1972-08",5
8554,"80 (613)","1966-09","1968-08",5
14,"80 B1 Saloon (80, 82)","1972-05","1978-07",5
26,"80 B2 Saloon (811, 813, 814, 819, 853)","1978-08","1987-03",5
31,"80 B3 Saloon (893, 894, 8A2)","1986-06","1991-10",5
6,"80 B4 Avant (8C5)","1991-09","1996-01",5
1,"80 B4 Saloon (8C2)","1991-09","1995-07",5
8555,"80 Variant","1966-09","1968-08",5
78,"90 B2 (813, 814, 853)","1984-08","1988-07",5
84,"90 B3 (893, 894, 8A2)","1987-04","1991-09",5
8604,"A1 (8X1, 8XK)","2010-05","2019-09",5
9730,"A1 Sportback (8XA, 8XF)","2011-09","2019-09",5
4382,A2 (8Z0),"2000-02","2005-08",5
1557,A3 (8L1),"1996-09","2006-09",5
4955,A3 (8P1),"2003-05","2013-12",5
10253,"A3 (8V1, 8VK)","2012-04","2020-10",5
6724,A3 Convertible (8P7),"2008-04","2013-05",5
11611,"A3 Convertible (8V7, 8VE)","2013-10","2021-04",5
11282,"A3 Limousine (8VS, 8VM)","2013-05","2021-08",5
5143,A3 Sportback (8PA),"2004-09","2015-12",5
10459,"A3 Sportback (8VA, 8VF)","2012-09","2021-08",5
8031,A4 Allroad B8 (8KH),"2009-04","2017-06",5
253,A4 B5 (8D2),"1994-11","2001-12",5
3485,A4 B5 Avant (8D5),"1994-11","2002-12",5
4731,A4 B6 (8E2),"2000-11","2005-12",5
4797,A4 B6 Avant (8E5),"2000-02","2005-12",5
4840,A4 B6 Convertible (8H7),"2002-01","2009-12",5
5376,A4 B7 (8EC),"2004-11","2009-01",5
5377,A4 B7 Avant (8ED),"2004-11","2008-11",5
6418,A4 B8 (8K2),"2007-08","2017-06",5
6988,A4 B8 Avant (8K5),"2007-11","2017-06",5
14695,"A4 B9 (8W2, 8WC)","2015-05",,5
14696,"A4 B9 Avant (8W5, 8WD)","2015-08",,5
6243,A5 (8T3),"2007-06","2017-10",5
8030,A5 Convertible (8F7),"2009-02","2017-10",5
8159,A5 Sportback (8TA),"2007-07","2017-10",5
5546,A6 Allroad C6 (4FH),"2006-03","2011-08",5
10161,"A6 Allroad C7 (4GH, 4GJ)","2012-01","2018-09",5
258,A6 C4 (4A2),"1994-06","1998-01",5
3468,A6 C4 Avant (4A5),"1994-06","1998-01",5
1891,"A6 C5 (4B2, 4B4)","1997-01","2005-12",5
3395,"A6 C5 Avant (4B5, 4B6)","1997-11","2006-01",5
5110,A6 C6 (4F2),"2004-04","2011-08",5
5381,A6 C6 Avant (4F5),"2004-11","2011-08",5
9154,"A6 C7 (4G2, 4GC)","2010-11","2019-11",5
9627,"A6 C7 Avant (4G5, 4GD)","2011-05","2019-11",5
8986,"A7 Sportback (4GA, 4GF)","2010-07","2019-11",5
265,"A8 D2 (4D2, 4D8)","1994-03","2005-12",5
4935,"A8 D3 (4E2, 4E8)","2002-10","2010-12",5
8627,"A8 D4 (4H2, 4H8, 4HC, 4HL)","2009-11","2019-11",5
4632,ALLROAD C5 (4BH),"2000-05","2005-08",5
438,CABRIOLET B3 (8G7),"1991-05","2000-08",5
194,"COUPE B2 (81, 855, 856)","1980-07","1988-10",5
202,"COUPE B3 (89, 8B3)","1988-10","1996-12",5
9731,"Q3 (8UB, 8UG)","2011-06","2020-03",5
7534,Q5 (8RB),"2008-11","2019-04",5
5461,Q7 (4LB),"2006-03","2016-01",5
14159,"Q7 (4MB, 4MG, 4MQ)","2015-01",,5
3910,QUATTRO (85),"1980-07","1991-07",5
6244,"R8 (422, 423)","2007-04","2016-08",5
14514,"R8 (4S3, 4SP)","2015-07",,5
8262,"R8 Spyder (427, 429)","2010-02","2016-08",5
4554,SUPER 90,"1966-09","1971-11",5
5544,TT (8J3),"2006-07","2015-02",5
3851,TT (8N3),"1998-10","2007-02",5
12912,"TT (FV3, FVP)","2014-07",,5
5608,TT Roadster (8J9),"2007-03","2014-09",5
4089,TT Roadster (8N9),"1999-10","2007-02",5
13274,"TT Roadster (FV9, FVR)","2014-11",,5
485,"V8 (441, 442, 4C2, 4C8)","1988-10","1994-02",5
83,"1000-Series MK II","1962-10","1974-12",6
4360,ALLEGRO I Estate (ADO 67),"1975-01","1983-12",6
343,ALLEGRO I Hatchback (ADO 67),"1973-05","1983-10",6
7646,ALLEGRO I Saloon,"1973-02","1984-12",6
4361,AMBASSADOR I Fastback,"1982-03","1984-10",6
4469,APACHE,"1971-11","1974-10",6
240,MAESTRO Fastback (XC),"1983-03","1992-09",6
267,MAXI I Fastback,"1969-04","1980-10",6
4493,MAXI II Fastback,"1980-10","1982-12",6
271,METRO I Fastback (XF),"1980-10","1990-04",6
11256,MINI Estate,"1960-01","1981-08",6
276,MINI I,"1958-09","1994-06",6
11257,MINI I Estate Van,"1960-01","1980-12",6
297,MONTEGO (XE),"1984-04","1993-12",6
302,MONTEGO Estate (XE),"1984-10","1992-09",6
448,PRINCESS,"1976-04","1978-09",6
4450,PRINCESS 2,"1978-09","1982-10",6
3573,BLITZ,"1969-08","1987-10",10
3567,CHEVANNE,"1976-06","1982-12",10
13438,KB,"1972-05","1988-12",10
1070,MIDI Bus,"1984-09","1992-08",10
3568,MIDI Van,"1984-08","1992-08",10
5114,"1 (E81)","2006-09","2012-09",16
10974,"1 (E87)","2003-02","2013-01",16
9620,"1 (F20)","2011-07","2019-06",16
11003,"1 (F21)","2011-12","2019-12",16
187,"1500-2000 (115, 116, 118, 121)","1962-10","1972-11",16
164,"1502-2002 (E10)","1967-09","1977-07",16
1608,"1502-2002 Convertible (E10)","1967-12","1975-10",16
1602,"1502-2002 Touring (E6)","1971-01","1975-07",16
1640,"1600 GT Coupe","1967-10","1969-05",16
6713,"1 Convertible (E88)","2007-12","2013-12",16
6441,"1 Coupe (E82)","2006-10","2013-10",16
224,"2.5-3.2 Coupe (E9)","1967-09","1976-03",16
219,"2500-3.3 (E3)","1968-10","1977-04",16
12791,"2 Active Tourer (F45)","2013-11","2021-10",16
13176,"2 Convertible (F23)","2014-03","2021-06",16
11599,"2 Coupe (F22, F87)","2012-10","2021-06",16
13830,"2 Gran Tourer (F46)","2014-07",,16
286,"3 (E21)","1975-06","1984-03",16
290,"3 (E30)","1982-09","1992-03",16
304,"3 (E36)","1990-09","1998-11",16
3397,"3 (E46)","1997-12","2005-05",16
5389,"3 (E90)","2004-02","2012-02",16
9831,"3 (F30, F80)","2011-11","2018-10",16
299,"3 Compact (E36)","1994-01","2000-08",16
4751,"3 Compact (E46)","2001-03","2005-02",16
430,"3 Convertible (E30)","1982-09","1993-11",16
434,"3 Convertible (E36)","1993-03","1999-11",16
4571,"3 Convertible (E46)","2000-04","2007-12",16
6241,"3 Convertible (E93)","2006-05","2013-12",16
308,"3 Coupe (E36)","1991-10","1999-05",16
3999,"3 Coupe (E46)","1998-12","2006-07",16
5569,"3 Coupe (E92)","2005-01","2013-12",16
11207,"3 Gran Turismo (F34)","2012-07",,16
294,"3 Touring (E30)","1987-07","1994-10",16
1311,"3 Touring (E36)","1994-08","1999-12",16
4088,"3 Touring (E46)","1999-06","2005-07",16
5430,"3 Touring (E91)","2004-12","2012-12",16
10266,"3 Touring (F31)","2012-07","2019-06",16
11600,"4 Convertible (F33, F83)","2013-10","2020-08",16
11300,"4 Coupe (F32, F82)","2013-07","2020-06",16
11900,"4 Gran Coupe (F36)","2014-03","2021-05",16
456,"5 (E12)","1972-03","1981-08",16
452,"5 (E28)","1981-05","1987-12",16
464,"5 (E34)","1987-02","1995-12",16
1449,"5 (E39)","1995-09","2003-07",16
4993,"5 (E60)","2001-12","2010-03",16
8541,"5 (F10)","2009-01","2016-10",16
1642,"501","1952-07","1959-01",16
3390,"503 Convertible (E03)","1957-01","1961-05",16
8274,"5 Gran Turismo (F07)","2009-01","2017-02",16
459,"5 Touring (E34)","1991-07","1996-07",16
1892,"5 Touring (E39)","1996-09","2004-06",16
5079,"5 Touring (E61)","2004-03","2010-12",16
8762,"5 Touring (F11)","2009-11","2017-02",16
486,"6 (E24)","1975-10","1989-04",16
5086,"6 (E63)","2003-09","2010-12",16
4002,"600 (111)","1957-12","1961-05",16
5087,"6 Convertible (E64)","2004-03","2010-12",16
9159,"6 Convertible (F12)","2010-12","2018-06",16
9160,"6 Coupe (F13)","2011-07","2017-10",16
11034,"6 Gran Coupe (F06)","2012-03","2018-10",16
539,"7 (E23)","1977-05","1988-04",16
544,"7 (E32)","1985-03","1994-10",16
549,"7 (E38)","1994-03","2001-11",16
4816,"7 (E65, E66, E67)","2001-07","2009-12",16
7864,"7 (F01, F02, F03, F04)","2008-02","2015-12",16
14283,"7 (G11, G12)","2015-07","2022-06",16
2054,"700 (107)","1959-01","1966-11",16
4805,"700 Coupe (AE)","1959-08","1964-04",16
67,"8 (E31)","1990-01","1999-12",16
12008,C,,,16
12107,C1,,,16
12108,F ( - 800cc),,,16
12109,G,,,16
12110,HP,,,16
11443,i3 (I01),"2013-08",,16
11902,i8 (I12),"2014-03","2020-06",16
1435,"ISETTA (100, 103)","1956-01","1963-11",16
12111,K,,,16
1790,M1 (E26),"1979-05","1983-05",16
14014,R,,,16
12735,R 100,,,16
12741,R 1100,,,16
12742,R 1150,,,16
12743,R 1200,,,16
13552,R 25,,,16
14697,R 45,,,16
12739,R 50,,,16
12740,R 60,,,16
12733,R 65,,,16
14480,R 69,,,16
12737,R 75,,,16
12738,R 80,,,16
12734,R 850,,,16
12736,R 90,,,16
13082,R 900,,,16
12112,S,,,16
1641,V8 Coupe (502),"1954-09","1966-07",16
8277,X1 (E84),"2009-03","2015-06",16
14383,X1 (F48),"2014-11","2022-12",16
5085,X3 (E83),"2003-01","2011-12",16
8763,X3 (F25),"2010-09","2017-12",16
11945,X4 (F26),"2013-05","2018-03",16
4343,X5 (E53),"2000-01","2006-12",16
6414,X5 (E70),"2006-02","2013-07",16
11482,"X5 (F15, F85)","2013-08","2018-07",16
7378,"X6 (E71, E72)","2007-06","2015-12",16
12845,"X6 (F16, F86)","2014-08","2019-07",16
138,Z1 Roadster,"1988-06","1991-06",16
2079,Z3 Coupe (E36),"1997-04","2003-06",16
3483,Z3 Roadster (E36),"1995-10","2003-01",16
5516,Z4 Coupe (E86),"2006-03","2009-01",16
4924,Z4 Roadster (E85),"2002-09","2009-12",16
8033,Z4 Roadster (E89),"2009-02","2016-08",16
4279,Z8 Roadster (E52),"2000-01","2003-12",16
5117,"300C (LX, LE)","2004-09",,20
10881,"300C (LX)","2010-09",,20
5464,"300C Touring (LX, LE)","2004-09","2010-12",20
3557,"300M (LR)","1998-07","2004-09",20
5945,CIRRUS,"1994-05","2000-09",20
5961,CONCORDE,"1992-09","1997-09",20
5962,CONCORDE,"1997-10","2004-12",20
5048,CROSSFIRE,"2003-07","2008-12",20
5142,CROSSFIRE Roadster,"2004-05","2008-12",20
2005,DAYTONA Coupe,"1984-10","1992-10",20
13449,ES,"1988-01","1991-12",20
6443,GRAND VOYAGER V (RT),"2007-10",,20
1293,LE BARON Convertible,"1986-09","1997-01",20
7919,LE BARON Coupe,"1986-01","1993-12",20
1292,LE BARON Saloon,"1986-09","1994-12",20
1452,NEON (PL),"1994-05","2000-09",20
4368,NEON II,"1999-08","2006-12",20
1455,NEW YORKER,"1992-01","1998-09",20
6790,PACIFICA,"2003-08","2008-09",20
14322,PROWLER,"1998-09","2002-12",20
4606,PT CRUISER (PT_),"2000-06","2010-12",20
5106,PT CRUISER Convertible,"2000-06","2010-12",20
2006,SARATOGA,"1989-09","1995-12",20
4730,SEBRING (JR),"2000-09","2007-06",20
7091,SEBRING (JS),"2006-09","2010-12",20
4764,SEBRING Convertible (JR),"2001-04","2007-06",20
7090,SEBRING Convertible (JS),"2007-05","2010-12",20
6145,SEBRING Coupe (FJ),"1995-05","2000-09",20
11386,SEBRING Saloon (FJ),"1995-01","2000-12",20
1491,STRATUS (JA),"1994-09","2001-04",20
1552,STRATUS Convertible (JX),"1996-04","2001-04",20
3945,VIPER,"1992-08","1998-12",20
3946,VIPER Convertible,"1991-10","1998-12",20
1434,VISION,"1993-09","1997-12",20
1456,"VOYAGER / GRAND VOYAGER III (GS_, NS_)","1992-01","2001-03",20
3477,VOYAGER I (AS),"1984-08","1990-09",20
9703,VOYAGER II (ES),"1990-08","1995-09",20
874,"VOYAGER IV (RG, RS)","1999-09","2008-12",20
168,"2 CV","1963-03","1991-08",21
4500,ACADIANE,"1978-08","1988-10",21
1660,AMI,"1963-01","1977-12",21
1661,AMI Break,"1968-05","1977-12",21
393,AX (ZA-_),"1986-07","1998-12",21
1553,BERLINGO / BERLINGO FIRST Box Body/MPV (M_),"1996-07","2011-12",21
1567,"BERLINGO / BERLINGO FIRST MPV (MF_, GJK_, GFK_)","1996-07",,21
6732,BERLINGO Box Body/MPV (B9),"2008-04",,21
6731,BERLINGO MULTISPACE (B9),"2008-04",,21
11260,BERLINGO Platform/Chassis (B9),"2008-04",,21
410,BX (XB-_),"1982-10","1994-12",21
413,BX Break (XB-_),"1983-04","1994-12",21
5413,"C1 (PM_, PN_)","2005-06","2014-09",21
421,C15 Box Body/MPV (VD_),"1984-10","2006-10",21
7601,C15 Estate,"1987-04","2000-08",21
12793,"C1 II (PA_, PS_)","2014-04","2021-07",21
4998,C2 (JM_),"2003-07","2017-09",21
425,"C25 Bus (280_, 290_)","1981-07","1994-02",21
3522,"C25 Platform/Chassis (280_, 290_)","1981-07","1994-03",21
3521,"C25 Van (280_, 290_)","1981-07","1994-07",21
8610,C2 ENTERPRISE (JG_),"2003-11","2009-12",21
4911,C35 Bus,"1973-11","1994-01",21
5447,C35 Platform/Chassis,"1973-11","1994-01",21
4912,C35 Van,"1973-11","1994-01",21
4841,"C3 I (FC_, FN_)","2002-02","2013-12",21
8254,C3 II (SC_),"2009-09",,21
7578,C3 PICASSO (SH_),"2008-12",,21
4990,C3 Pluriel (HB_),"2003-05",,21
9900,C4 AIRCROSS,"2010-08",,21
12794,C4 CACTUS,"2014-09",,21
5220,C4 Coupe (LA_),"2004-11","2013-12",21
6231,C4 GRAND PICASSO I (UA_),"2006-10","2013-12",21
11572,"C4 GRAND PICASSO II (DA_, DE_)","2013-06",,21
5221,C4 I (LC_),"2004-11","2014-12",21
9006,C4 II (NC_),"2009-02",,21
14320,C4 II Saloon (NC_),"2013-01",,21
8498,C4 I Saloon,"2006-07","2014-11",21
11238,C4 PICASSO II,"2013-01",,21
5601,C4 PICASSO I MPV (UD_),"2006-10","2015-12",21
4749,C5 I (DC_),"2001-03","2005-03",21
4775,C5 I Break (DE_),"2001-06","2004-09",21
5390,C5 II (RC_),"2004-08","2008-09",21
5391,C5 II Break (RE_),"2004-09","2008-08",21
6729,C5 III (RD_),"2008-02","2017-05",21
6730,C5 III Break (RW_),"2008-02","2017-05",21
5432,C6 (TD_),"2005-09","2012-12",21
4904,"C8 (EA_, EB_)","2002-06",,21
6230,"C-CROSSER (VU_, VV_)","2007-02","2012-12",21
8612,"C-CROSSER ENTERPRISE (VU_, VV_)","2009-01",,21
10869,C-ELYSEE (DD_),"2012-11",,21
244,CX I (MA),"1974-09","1985-08",21
235,CX I Break (MA),"1975-09","1985-08",21
249,CX II,"1985-07","1992-12",21
3911,CX II Break,"1985-07","1992-12",21
8527,C-ZERO,"2010-10",,21
283,DS,"1959-05","1975-08",21
8255,DS3 (SA_),"2009-11","2016-12",21
11128,DS3 Convertible,"2013-01","2015-07",21
9130,DS4 (NX_),"2011-03","2015-07",21
9685,DS5,"2011-09","2016-12",21
1657,DS Break,"1972-01","1975-07",21
4680,DS Convertible,"1956-08","1974-06",21
296,DYANE,"1967-08","1984-10",21
389,"EVASION MPV (22, U6)","1994-03","2002-07",21
523,GS,"1970-09","1986-07",21
527,GS Break,"1971-07","1986-07",21
4532,HY,"1969-11","1977-08",21
1658,ID,"1959-08","1975-08",21
1659,ID Break,"1966-01","1975-08",21
4681,ID Convertible,"1956-03","1965-12",21
16,JUMPER I Bus (230P),"1994-02","2002-04",21
4895,"JUMPER II Bus (244, Z_)","2002-04",,21
5575,JUMPER III Bus,"2006-04",,21
5577,JUMPER III Platform/Chassis,"2006-04",,21
5576,JUMPER III Van,"2006-04",,21
4909,JUMPER II Platform/Chassis (244),"2002-02",,21
4896,JUMPER II Van (244),"2002-04",,21
4053,JUMPER I Platform/Chassis (230),"1994-03","2002-04",21
3396,JUMPER I Van (230L),"1994-02","2002-08",21
1542,JUMPY I (U6U_),"1994-06","2006-12",21
5640,JUMPY II (VF7),"2007-01","2016-03",21
14858,JUMPY II Platform/Chassis,"2006-11",,21
5641,JUMPY II Van,"2007-01","2016-03",21
4684,"JUMPY I Platform/Chassis (BU_, BV_, BW_, BX_)","1999-10","2006-10",21
4683,"JUMPY I Van (BS_, BT_, BY_, BZ_)","1994-06","2006-10",21
231,LNA,"1976-11","1986-10",21
4682,MEHARI,"1968-05","1987-10",21
6733,NEMO Box Body/MPV (AA_),"2008-02",,21
8143,NEMO MPV,"2009-04",,21
1540,"SAXO (S0, S1)","1996-02","2004-04",21
1683,SM,"1970-04","1975-12",21
8563,"TRACTION AVANT (7C, 11B)","1950-03","1956-04",21
502,VISA,"1978-09","1991-03",21
4686,VISA Convertible,"1983-03","1988-10",21
76,"XANTIA (X1_, X2_)","1993-03","2003-04",21
1457,"XANTIA Break (X1_, X2_)","1995-06","2003-04",21
122,XM (Y3),"1989-05","1994-10",21
3416,XM (Y4),"1994-05","2000-10",21
127,XM Break (Y3),"1989-05","1994-07",21
3912,XM Break (Y4),"1994-05","2000-10",21
2042,XSARA (N1),"1997-04","2005-12",21
3392,XSARA Break (N2),"1997-10","2010-03",21
3433,XSARA Coupe (N0),"1998-01","2005-04",21
9983,XSARA Estate Van,"1998-05","2005-08",21
4172,XSARA PICASSO (N68),"1999-09","2012-06",21
153,ZX (N2),"1991-03","1999-07",21
3469,ZX Break (N2),"1993-10","1999-07",21
1716,"33","1967-07","1974-09",24
5841,"400 Platform/Chassis","1986-11","1997-01",24
3611,"400-Serie Van","1989-04","1993-08",24
1717,"44","1966-11","1974-09",24
1718,"44 Estate","1968-01","1974-09",24
1722,"46","1974-09","1975-08",24
1723,"46 Estate","1974-09","1975-08",24
1719,"55","1967-10","1972-09",24
1721,"55 Coupe","1968-05","1972-09",24
1720,"55 Estate","1968-10","1972-09",24
3917,"66","1972-10","1975-08",24
1724,"66 Coupe","1973-09","1975-08",24
3495,"66 Estate","1972-10","1975-08",24
1181,"APPLAUSE I Hatchback (A101, A111)","1989-06","1997-07",25
4180,APPLAUSE II Hatchback (A101),"1997-07","2000-05",25
1183,CHARADE I (G10),"1977-10","1984-05",25
1174,"CHARADE II (G11, G30)","1983-01","1987-05",25
8792,CHARADE II Hatchback Van (G11),"1983-04","1987-05",25
1182,"CHARADE III (G100, G101, G102)","1987-01","1993-07",25
5015,CHARADE III Saloon (G102),"1987-01","1993-07",25
1179,"CHARADE IV (G200, G202)","1993-01","2000-09",25
1968,CHARADE IV Saloon (G203),"1993-03","2001-01",25
9726,CHARADE VIII,"2011-05",,25
1178,CHARMANT (A),"1981-10","1987-07",25
5033,"COPEN (L880_, L881_)","2002-03","2012-09",25
1180,"CUORE I (L55, L60)","1980-08","1985-09",25
3475,"CUORE II (L80, L81)","1985-09","1990-12",25
1175,"CUORE III (L200, L201)","1990-08","1995-04",25
1327,CUORE IV (L501),"1994-08","1999-12",25
4054,CUORE V (L7_),"1998-10","2003-05",25
4996,"CUORE VI (L251, L250_, L260_)","2003-03",,25
6454,"CUORE VII (L275_, L285_, L276_)","2006-12",,25
5151,"EXTOL Bus (S22_, S23_)","2000-07","2011-11",25
1969,FEROZA Hard Top (F300),"1988-10","1999-12",25
1176,FEROZA Soft Top (F300),"1988-10","1999-12",25
1884,GRAN MOVE (G3),"1996-10",,25
4498,HIJET Bus,"1986-06","1990-06",25
3516,HIJET Bus (S85),"1993-06",,25
6031,HIJET Platform/Chassis,"1998-04",,25
4499,HIJET Van (S8_),"1986-06","1990-10",25
3517,HIJET Van (S85),"1991-10","2005-10",25
6225,MATERIA (M4_),"2006-10",,25
1885,MOVE (L9_),"1997-04","2002-09",25
1970,"ROCKY Hard Top (F7, F8)","1984-06","1998-12",25
1177,"ROCKY Soft Top (F7, F8)","1985-02","1998-12",25
3546,SIRION (M1),"1998-04","2005-04",25
5392,SIRION (M3_),"2005-01",,25
4497,SPARCAR Bus (S7_),"1982-07","1986-06",25
4496,SPARCAR Van (S7_),"1982-07","1986-06",25
4487,TAFT,"1976-09","1985-02",25
2049,TERIOS (J1_),"1997-03","2006-10",25
5579,"TERIOS (J2_, F7__)","2005-11","2018-12",25
6229,TREVIS,"2006-06",,25
3913,WILDCAT/ROCKY (F70),"1985-02","1987-04",25
1971,WILDCAT/ROCKY (F75),"1985-02","1987-04",25
4742,YRV (M2),"2001-02",,25
1709,"2.8 - 5.3","1969-10","1993-02",26
3494,COUPE,"1973-09","1977-12",26
10785,DAIMLER XJ (X30_),"1994-10","2003-06",26
11022,DART Convertible,"1959-04","1964-09",26
1710,LANDAULETTE,"1974-03","1991-12",26
3608,LIMOUSINE,"1968-06","1991-12",26
1715,"XJ 40, 81","1986-10","1994-09",26
6410,AVENGER,"2007-06","2014-12",29
5628,CALIBER,"2006-06",,29
4859,CARAVAN,"1995-01","2001-03",29
4864,CARAVAN (RG_),"2000-02","2007-12",29
10273,CHALLENGER Coupe,"2007-09",,29
6794,CHARGER,"2005-06","2010-12",29
10272,CHARGER,"2010-09",,29
6798,DURANGO (HB),"2003-09","2010-12",29
10275,DURANGO (WD),"2010-12",,29
7417,GRAND CARAVAN,"2007-06",,29
7572,JOURNEY,"2008-06",,29
4848,NEON,"1994-05","1999-08",29
4855,NEON II,"1999-08",,29
7573,NITRO,"2006-09","2012-12",29
13126,RAM 1500 Extended Cab Pickup,"2008-09","2010-12",29
10952,"RAM 1500 Pickup (BE, BR)","1991-04","2002-08",29
10951,"RAM 1500 Pickup (D1, DC, DH, DM, DR)","2001-06","2008-09",29
10950,"RAM 1500 Pickup (DJ, DS)","2008-10",,29
13125,RAM 1500 Standard Cab Pickup,"2008-09","2010-12",29
4857,STRATUS,"1994-09","2001-04",29
11312,STRATUS II,"2000-10","2006-10",29
5094,VIPER Convertible,"2002-09","2017-12",29
6809,VIPER Coupe,"1991-10","2002-09",29
10277,VIPER Coupe,"2003-01",,29
13203,VIPER Coupe,"2002-09","2010-12",29
1858,"1100-1900 (101_)","1950-01","1970-12",35
1836,"124 (124_)","1966-07","1975-07",35
1838,"124 Coupe (124_)","1967-06","1976-02",35
1837,"124 Familiare (124_)","1967-04","1975-03",35
112,"124 Spider (124_)","1966-01","1985-11",35
1859,"125 (125_)","1967-07","1974-03",35
123,"126 (126_)","1972-09","2000-09",35
128,"127 (127_)","1971-06","1996-05",35
1860,"127 Panorama (127_)","1977-01","1986-12",35
139,"128 (128_)","1969-03","1984-12",35
133,"128 Coupe (128_)","1972-03","1981-02",35
1839,"128 Familiare (128_)","1969-10","1982-10",35
1840,"130 (130_)","1969-06","1978-03",35
1841,"130 Coupe (130_)","1971-10","1978-03",35
149,"131 (131_)","1974-10","1987-03",35
154,"131 Familiare/Panorama (131_)","1975-03","1984-12",35
3938,"132 (132_)","1972-04","1982-12",35
10204,"1400 Convertible (101_)","1950-01","1954-01",35
4579,"147 (147_)","1976-10","1996-12",35
4580,"147 Panorama (147_)","1980-04","1995-12",35
1910,"1500-2300 (118_)","1962-07","1970-12",35
1863,"1500 Convertible (116_)","1964-06","1967-10",35
7563,"1900 Coupe (101_)","1956-01","1958-12",35
790,"238 (238_)","1966-09","1982-06",35
4531,"242 Bus (242_)","1975-10","1982-07",35
803,"242 Van (242_)","1975-10","1982-07",35
437,"500 (111_, 101_, 110_)","1957-01","1976-01",35
6396,"500 (312_)","2007-07",,35
10047,"500 A / B Berlina (500_)","1936-01","1949-12",35
10048,"500 B Giardiniera","1948-09","1949-12",35
8500,"500 C (312_)","2009-09",,35
10049,"500 C Berlina","1946-09","1961-12",35
10050,"500 C Giardiniera","1949-03","1955-12",35
1864,"500 Estate (101_)","1950-05","1966-12",35
10453,"500L (351_, 352_)","2012-09",,35
13243,"500X (334_)","2014-09",,35
1865,"600 (113_)","1955-03","1977-02",35
1866,"850 (100_)","1964-07","1972-10",35
61,"850 Coupe (100_)","1964-07","1972-12",35
1845,"850 Spider (100_)","1965-10","1973-12",35
4575,"900   T/E Panorama (200_)","1978-01","1986-01",35
4574,"900   T/E Pulmino (200_)","1978-01","1986-01",35
348,ARGENTA (132_),"1977-05","1987-03",35
10051,BALILLA 508 Saloon (508_),"1932-06","1934-03",35
10054,BALILLA 508 Saloon (508_),"1934-03","1937-12",35
10057,BALILLA 508 S Coupe (508_),"1933-04","1937-12",35
10053,BALILLA 508 Spider (508_),"1932-06","1934-03",35
10056,BALILLA 508 Spider (508_),"1934-06","1937-12",35
10052,BALILLA 508 Tourer (508_),"1932-06","1934-03",35
10055,BALILLA 508 Tourer (508_),"1934-06","1937-12",35
1322,BARCHETTA (183_),"1995-03","2005-05",35
1458,BRAVA (182_),"1995-10","2003-06",35
1459,BRAVO I (182_),"1995-10","2001-10",35
6242,BRAVO II (198_),"2006-11","2016-12",35
4584,CAMPAGNOLA (110_),"1974-06","1989-10",35
15,CINQUECENTO (170_),"1991-07","1999-07",35
3464,COUPE (175_),"1993-11","2000-08",35
226,CROMA (154_),"1985-12","1996-12",35
5449,CROMA (194_),"2005-06","2011-12",35
7954,DINO Coupe (135),"1967-01","1972-12",35
7953,DINO Spider (135),"1966-01","1972-12",35
4743,DOBLO Box Body/MPV (223_),"2000-11",,35
8617,DOBLO Bus (263_),"2009-11","2023-12",35
8618,DOBLO Cargo (263_),"2010-02",,35
4728,"DOBLO MPV (119_, 223_)","2001-03",,35
9205,DOBLO Platform/Chassis (263_),"2010-02","2023-12",35
1889,DUCATO Bus (230_),"1994-03","2005-05",35
4893,DUCATO Bus (244_),"2001-12",,35
5630,DUCATO Bus (250_),"2006-07",,35
3940,DUCATO Panorama (280_),"1982-07","1990-08",35
1888,DUCATO Panorama (290_),"1990-01","1994-05",35
4056,DUCATO Platform/Chassis (230_),"1994-03","2002-04",35
4906,DUCATO Platform/Chassis (244_),"2001-12",,35
5632,DUCATO Platform/Chassis (250_),"2006-07",,35
4562,DUCATO Platform/Chassis (280_),"1982-07","1990-08",35
3506,DUCATO Platform/Chassis (290_),"1989-03","1994-05",35
288,DUCATO Van (230_),"1994-03","2005-05",35
4894,DUCATO Van (244_),"2001-12",,35
5631,DUCATO Van (250_),"2006-07",,35
1890,DUCATO Van (280_),"1982-01","1991-02",35
1594,DUCATO Van (290_),"1989-03","1994-05",35
3407,DUNA (146_),"1987-01","1991-12",35
3408,DUNA Weekend (146_),"1987-01","2001-10",35
4588,ELBA CSL (146_),"1985-10","1997-12",35
414,FIORINO (127_),"1977-10","1987-12",35
422,FIORINO (147_),"1980-01","1993-10",35
418,FIORINO Box Body/MPV (146_),"1988-01",,35
7383,FIORINO Box Body/MPV (225_),"2007-01",,35
4533,FIORINO Pick up (146_),"1988-01","2001-05",35
4534,FIORINO Pick up (147_),"1977-10","1989-10",35
9564,FREEMONT (345_),"2011-08",,35
5450,GRANDE PUNTO (199_),"2005-06",,35
5097,IDEA (350_),"2003-12",,35
1867,JAGST (770_),"1968-03","1971-02",35
6409,"LINEA (323_, 110_)","2006-10",,35
1570,MAREA (185_),"1996-05","2007-12",35
1571,MAREA Weekend (185_),"1996-09","2007-12",35
3998,MULTIPLA (186_),"1999-04","2010-06",35
2046,"PALIO (178_, 171_, 371_)","1996-04",,35
2047,"PALIO Weekend (178_, 173_, 373_, 374_, 171_)","1996-04",,35
5055,PANDA / PANDA CLASSIC (169_),"2003-09",,35
399,PANDA (141_),"1980-03","2004-07",35
10004,"PANDA (312_, 319_)","2012-02",,35
4586,PANDA Hatchback Van (141_),"1986-01","2004-02",35
7868,PANDA Hatchback Van (169_),"2004-03",,35
13905,"PANDA VAN (312_, 519_)","2012-02",,35
9119,PENNY Estate Van (257_),"1986-01","1990-12",35
4596,PREMIO (146_),"1985-03","1996-12",35
458,PUNTO (176_),"1993-09","1999-09",35
4278,PUNTO (188_),"1999-09","2012-07",35
10199,PUNTO (199_),"2012-01",,35
462,PUNTO Convertible (176_),"1994-04","2000-06",35
8358,PUNTO EVO (199_),"2008-07",,35
4770,PUNTO Hatchback Van (188_),"2000-02","2010-12",35
9153,PUNTO Hatchback Van (199_),"2008-04",,35
3391,PUNTO Van (176_),"1996-04","2000-02",35
7805,QUBO (225_),"2008-02",,35
34,REGATA (138_),"1983-09","1995-08",35
38,REGATA Weekend (138_),"1983-06","1995-08",35
86,RITMO (138_),"1978-01","1988-12",35
81,RITMO Convertible (138_),"1979-10","1989-07",35
1543,SCUDO Bus (220_),"1996-02","2006-12",35
5647,"SCUDO Bus (270_, 272_)","2007-01","2016-03",35
5649,"SCUDO Platform/Chassis (270_, 272_)","2007-01","2016-03",35
4016,SCUDO Van (220_),"1996-02","2006-12",35
5648,"SCUDO Van (270_, 272_)","2007-01","2016-03",35
5560,SEDICI (189_),"2006-06","2014-10",35
3399,SEICENTO / 600 (187_),"1997-11","2010-01",35
4905,SEICENTO / 600 Hatchback Van (287_),"1998-01","2010-01",35
4589,"SIENA (178_, 172_, 372_)","1996-04","2016-12",35
4787,STILO (192_),"2001-10","2010-11",35
4951,STILO Multi Wagon (192_),"2003-01","2008-08",35
4199,"STRADA Pickup (178_, 278_)","1998-02",,35
4778,TALENTO Bus (290_),"1989-03","1994-03",35
4774,TALENTO Platform/Chassis (290_),"1989-03","1994-03",35
4773,TALENTO Van (290_),"1989-03","1994-03",35
364,TEMPRA (159_),"1990-03","1998-12",35
369,TEMPRA S.W. (159_),"1990-03","1997-10",35
404,TIPO (160_),"1987-07","1997-10",35
14915,"TIPO Saloon (356_, 357_)","2015-10",,35
4936,ULYSSE (179_),"2002-08","2011-06",35
476,ULYSSE (220_),"1994-06","2002-08",35
480,"UNO (146_, 158_)","1983-01","2013-12",35
11255,UNO Van (146_),"1988-02","2013-12",35
71,X 1/9 (128_),"1972-11","1989-12",35
10257,B-MAX (JK),"2012-10",,36
13361,B-MAX Van (JK),"2012-08",,36
469,CAPRI I (ECJ),"1968-12","1974-02",36
474,CAPRI II (GECP),"1974-02","1977-12",36
3958,CAPRI III (GECP),"1978-01","1987-04",36
6240,C-MAX (DM2),"2007-02","2010-09",36
8995,"C-MAX II (DXA/CB7, DXA/CEU)","2010-04","2019-06",36
13360,C-MAX II Van,"2010-10","2019-06",36
1684,CONSUL (GGFL),"1972-01","1975-12",36
1685,CONSUL Coupe (GGCL),"1972-01","1975-12",36
1686,CONSUL Turnier (GGNL),"1972-01","1975-12",36
4699,CORTINA,"1962-10","1972-03",36
4700,CORTINA Coupe,"1962-10","1972-03",36
4701,CORTINA Estate,"1962-10","1972-03",36
3556,COUGAR (EC_),"1998-08","2001-12",36
1050,"ECONOVAN (KBA, KCA)","1986-03","1992-03",36
4057,ECONOVAN Van (KAA),"1985-05","1992-03",36
11479,ECOSPORT,"2011-09","2022-12",36
4710,"ESCORT CLASSIC (AAL, ABL)","1998-10","2000-07",36
4711,ESCORT CLASSIC Turnier (ANL),"1999-02","2000-07",36
313,"ESCORT I (AFH, ATH)","1968-01","1976-02",36
317,ESCORT II (ATH),"1973-03","1981-07",36
322,ESCORT III (GAA),"1980-09","1986-07",36
326,ESCORT III Convertible (ALD),"1983-09","1989-12",36
1606,ESCORT III Express (AVA),"1981-01","1986-02",36
330,ESCORT III Turnier (AWA),"1980-09","1985-12",36
3959,ESCORT II Turnier,"1975-04","1981-07",36
1643,ESCORT I Turnier (ADH),"1968-06","1979-03",36
335,"ESCORT IV (GAF, AWF, ABFT)","1983-03","1994-10",36
3444,ESCORT IV Convertible (ALF),"1986-01","1992-11",36
1603,ESCORT IV Express (AVF),"1986-02","1990-07",36
344,"ESCORT IV Turnier (AWF, AVF)","1985-10","1990-10",36
349,"ESCORT V (AAL, ABL)","1990-07","1996-09",36
3960,"ESCORT V Convertible (ALL, BJ2)","1990-07","1995-01",36
1604,ESCORT V Express (AVF),"1990-07","1994-12",36
1463,"ESCORT VI (GAL, AAL, ABL)","1995-01","2002-10",36
1466,ESCORT VI Convertible (ALL),"1994-03","2000-08",36
12279,MSX,,,45
1605,ESCORT VI Estate Van (AVL),"1995-01","2001-06",36
1464,"ESCORT VI Saloon (GAL, AFL)","1995-01","2002-08",36
1465,"ESCORT VI Turnier (GAL, ANL)","1995-01","2002-10",36
372,ESCORT V Saloon (AFL),"1993-08","1995-01",36
358,ESCORT V Turnier (ANL),"1990-07","1995-01",36
3449,"FIESTA Box Body/MPV (F3L, F5L)","1989-04","1996-02",36
1517,"FIESTA Box Body/MPV (J5_, J3_)","1996-02",,36
3388,FIESTA Hatchback Van (FVD),"1983-03","1995-12",36
4051,FIESTA Hatchback Van (JV_),"1998-05","2003-08",36
2056,FIESTA Hatchback Van (WFVT),"1976-05","1986-11",36
402,FIESTA I (GFBT),"1976-05","1983-08",36
407,FIESTA II (FBD),"1983-09","1989-11",36
411,FIESTA III (GFJ),"1989-01","1997-01",36
1467,"FIESTA IV (JA_, JB_)","1995-08","2006-06",36
4802,"FIESTA V (JH_, JD_)","2001-11","2014-12",36
7585,"FIESTA VI (CB1, CCN)","2008-06",,36
8611,FIESTA VI Van,"2008-08","2017-04",36
7384,FIESTA V Van,"2002-05","2010-12",36
5056,FOCUS C-MAX (DM2),"2003-10","2007-03",36
3588,"FOCUS I (DAW, DBW)","1998-09","2009-11",36
5210,"FOCUS II (DA_, HCP, DP)","2004-07","2013-09",36
5561,FOCUS II Convertible,"2006-10","2010-09",36
9155,FOCUS III,"2010-07","2020-02",36
9156,FOCUS III Saloon,"2010-07","2020-02",36
9157,FOCUS III Turnier,"2010-07","2020-02",36
5454,"FOCUS II Saloon (DB_, FCH, DH)","2005-04",,36
5397,"FOCUS II Turnier (DA_, FFS, DS)","2004-07","2012-09",36
3590,FOCUS I Saloon (DFW),"1999-02","2009-11",36
3589,FOCUS I Turnier (DNW),"1999-02","2007-12",36
4885,FUSION (JU_),"2002-08","2012-12",36
1317,GALAXY I (WGR),"1995-03","2006-05",36
5541,GALAXY II (WA6),"2006-05","2015-06",36
13969,GALAXY III (CK),"2015-01",,36
79,"GRANADA (GGTL, GGFL)","1972-01","1977-08",36
1687,GRANADA I Coupe (GGCL),"1972-01","1976-02",36
514,GRANADA II (GU),"1977-08","1985-08",36
1688,GRANADA Turnier (GGNL),"1972-01","1977-08",36
518,GRANADA Turnier (GNU),"1977-08","1985-08",36
8996,"GRAND C-MAX (DXA/CB7, DXA/CEU)","2010-12","2019-06",36
13359,GRAND C-MAX Van,"2010-12","2019-06",36
5146,GT,"2003-06",,36
1572,KA (RB_),"1996-09","2008-11",36
8000,KA (RU8),"2008-10","2016-05",36
13141,"KA+ III (UK, FK)","2014-08",,36
13140,"KA+ III Saloon (TK, FK)","2014-08",,36
7367,KUGA I,"2008-02","2012-11",36
11097,KUGA II (DM2),"2012-05",,36
13357,KUGA II VAN,"2012-05","2019-12",36
4641,MAVERICK,"2001-02",,36
1310,"MAVERICK (UDS, UNS)","1993-02","1998-04",36
284,MONDEO I (GBP),"1993-02","1996-08",36
1573,MONDEO II (BAP),"1996-08","2000-09",36
4725,MONDEO III (B5Y),"2000-10","2007-03",36
4721,MONDEO III Saloon (B4Y),"2000-10","2007-09",36
4726,MONDEO III Turnier (BWY),"2000-10","2007-03",36
3487,MONDEO II Saloon (BFP),"1996-08","2000-09",36
1574,MONDEO II Turnier (BNP),"1996-08","2000-09",36
3447,MONDEO I Saloon (GBP),"1993-01","1996-08",36
292,MONDEO I Turnier (BNP),"1993-01","1996-08",36
6238,MONDEO IV (BA7),"2007-03","2015-01",36
6237,MONDEO IV Saloon (BA7),"2007-03","2015-01",36
6239,MONDEO IV Turnier (BA7),"2007-03","2015-01",36
13128,MONDEO V Hatchback (CE),"2014-09",,36
13129,MONDEO V Saloon (CD),"2012-09",,36
13127,MONDEO V Turnier (CF),"2014-09",,36
368,ORION I (AFD),"1983-07","1986-03",36
373,ORION II (AFF),"1985-12","1990-07",36
378,ORION III (GAL),"1990-01","1996-09",36
4550,P 100 I,"1982-04","1987-09",36
4549,P 100 II,"1987-10","1992-12",36
3961,PUMA (EC_),"1997-03","2002-06",36
4509,"RANGER (ER, EQ, R_)","1997-04","2011-12",36
9028,RANGER (ET),"2005-01","2012-07",36
9853,RANGER (TKE),"2011-04",,36
218,"SCORPIO I (GAE, GGE)","1985-04","1994-09",36
1315,"SCORPIO II (GFR, GGR)","1994-10","1998-08",36
1316,"SCORPIO II Turnier (GNR, GGR)","1994-10","1998-08",36
223,SCORPIO I Saloon (GGE),"1986-01","1994-12",36
3446,SCORPIO I Turnier (GGE),"1988-05","1994-09",36
251,SIERRA I Hatchback (GBC),"1982-08","1987-02",36
246,"SIERRA II (GBG, GB4)","1987-01","1993-02",36
241,"SIERRA II Hatchback (GBC, GBG)","1987-01","1993-03",36
260,SIERRA II Turnier (BNG),"1987-01","1993-02",36
256,SIERRA Turnier (BNC),"1982-08","1986-12",36
13884,"S-MAX (CJ, WA6)","2015-01",,36
5542,S-MAX (WA6),"2006-05","2014-12",36
4934,STREET KA (RL2),"2003-03","2005-07",36
3492,TAUNUS (GBFK),"1970-08","1976-02",36
346,TAUNUS (GBTK),"1970-01","1976-02",36
351,"TAUNUS (GBTS, GBFS, CBTS)","1975-05","1980-07",36
1645,TAUNUS 12M I,"1951-12","1963-02",36
1649,TAUNUS 12M II (11G),"1966-08","1971-06",36
1650,TAUNUS 12M II (12G),"1966-08","1971-06",36
1646,TAUNUS 12M II (P4),"1962-07","1967-04",36
1651,TAUNUS 12M II Coupe (13G),"1966-08","1971-06",36
1647,TAUNUS 12M II Coupe (P4),"1962-12","1967-04",36
3583,TAUNUS 12M II Turnier,"1953-05","1963-02",36
3489,TAUNUS 12M II Turnier (15G),"1966-09","1971-06",36
1648,TAUNUS 12M II Turnier (P4),"1963-04","1967-04",36
1652,TAUNUS 15M I,"1954-09","1958-09",36
1653,TAUNUS 15M II (21G),"1966-08","1971-06",36
1654,TAUNUS 15M II (22G),"1966-08","1971-06",36
3963,TAUNUS 15M II (28G),"1966-08","1971-06",36
1656,TAUNUS 15M II (29G),"1966-08","1971-06",36
1655,TAUNUS 15M II Coupe (23G),"1966-08","1971-06",36
3962,TAUNUS 15M II Turnier (25G),"1966-09","1971-07",36
1662,TAUNUS 17M I,"1957-08","1960-11",36
1666,TAUNUS 17M II (21),"1964-09","1968-10",36
1667,TAUNUS 17M II (31F),"1967-07","1974-04",36
1668,TAUNUS 17M II (32F),"1967-07","1974-04",36
1664,TAUNUS 17M II (P3),"1960-09","1965-01",36
1669,TAUNUS 17M II Coupe (33F),"1967-07","1974-04",36
1665,TAUNUS 17M II Coupe (P3),"1961-11","1965-01",36
1663,TAUNUS 17M II Turnier,"1957-08","1960-11",36
3964,TAUNUS 17M II Turnier (21),"1964-11","1967-10",36
1670,TAUNUS 17M II Turnier (35F),"1967-09","1974-04",36
1671,TAUNUS 17M II Turnier (36F),"1967-09","1974-04",36
3490,TAUNUS 17M II Turnier (P3),"1960-12","1965-01",36
1672,TAUNUS 20M II,"1964-11","1968-10",36
1674,TAUNUS 20M II (41F),"1967-07","1974-04",36
1675,TAUNUS 20M II (42F),"1967-07","1974-04",36
1676,TAUNUS 20M II Coupe (43F),"1967-07","1974-04",36
1673,TAUNUS 20M II Turnier,"1964-11","1968-10",36
3965,TAUNUS 20M II Turnier (46F),"1967-07","1974-04",36
3491,TAUNUS 20M II XL (51F),"1967-07","1974-04",36
1677,TAUNUS 20M II XL (52F),"1967-07","1974-04",36
1678,TAUNUS 20M II XL Coupe (53F),"1967-07","1974-04",36
1679,TAUNUS 26M XL (52F),"1969-10","1974-04",36
1680,TAUNUS 26M XL Coupe (53F),"1969-10","1974-04",36
1681,TAUNUS Coupe (GBCK),"1970-08","1976-02",36
1644,TAUNUS I,"1951-01","1953-08",36
360,TAUNUS III Turnier (GBNS),"1979-07","1982-12",36
1682,TAUNUS Turnier (GBNK),"1970-08","1976-02",36
355,TAUNUS Turnier (GBNS),"1975-05","1979-08",36
341,"TAUNUS V (GBS, GBNS)","1979-07","1984-12",36
4933,TOURNEO CONNECT,"2002-06","2013-12",36
11574,TOURNEO CONNECT / GRAND TOURNEO CONNECT V408 MPV,"2013-09",,36
11948,TOURNEO COURIER B460 MPV,"2014-02",,36
11094,TOURNEO CUSTOM V362 Bus (F3),"2012-09",,36
1689,TRANSIT Bus,"1955-04","1967-07",36
432,"TRANSIT Bus (72E, 73E)","1965-11","1978-09",36
1483,TRANSIT Bus (E_ _),"1994-06","2000-07",36
3969,TRANSIT Bus (E_ _),"1991-01","1994-09",36
4620,"TRANSIT Bus (FD_ _, FB_ _, FS_ _, FZ_ _, FC_ _)","2000-01","2006-05",36
5571,"TRANSIT Bus (FD_ _, FB_ _, FS_ _, FZ_ _, FC_ _)","2006-04","2014-12",36
444,TRANSIT Bus (T_ _),"1985-10","1992-09",36
1690,TRANSIT Bus (V_ _),"1977-11","1986-10",36
4948,"TRANSIT CONNECT (P65_, P70_, P80_)","2002-06",,36
11619,TRANSIT CONNECT MPV,"2013-09",,36
11573,TRANSIT CONNECT V408 Box Body/MPV,"2013-09",,36
11946,TRANSIT COURIER B460 Box Body/MPV,"2014-02",,36
11947,TRANSIT COURIER B460 MPV,"2014-02",,36
11096,TRANSIT CUSTOM V362 Bus (F3),"2012-04",,36
11095,"TRANSIT CUSTOM V362 Van (FY, FZ)","2012-09",,36
4066,TRANSIT Platform/Chassis (74E),"1968-12","1978-09",36
2024,TRANSIT Platform/Chassis (E_ _),"1991-04","1994-08",36
2044,TRANSIT Platform/Chassis (E_ _),"1994-08","2000-07",36
5573,"TRANSIT Platform/Chassis (FM_ _, FN_ _, FF_ _)","2006-04","2014-12",36
4622,"TRANSIT Platform/Chassis (FM_ _, FN_ _)","2000-01","2006-05",36
2022,TRANSIT Platform/Chassis (T_ _),"1985-10","1992-09",36
2023,TRANSIT Platform/Chassis (V_ _),"1977-11","1986-10",36
5574,TRANSIT TOURNEO Bus,"2006-07","2014-08",36
7590,TRANSIT TOURNEO Bus,"1994-08","2000-12",36
11952,"TRANSIT V363 Bus (FAD, FBD)","2013-08",,36
11954,"TRANSIT V363 Platform/Chassis (FED, FFD)","2013-08",,36
11953,"TRANSIT V363 Van (FCD, FDD)","2013-08",,36
1752,TRANSIT Van,"1955-04","1967-07",36
1747,"TRANSIT Van (72E, 71E)","1965-11","1978-09",36
1748,TRANSIT Van (81E),"1965-11","1973-07",36
1751,TRANSIT Van (E_ _),"1991-05","1994-06",36
2043,TRANSIT Van (E_ _),"1994-06","2000-12",36
4621,TRANSIT Van (FA_ _),"2000-01","2006-05",36
5572,TRANSIT Van (FA_ _),"2006-04","2014-12",36
1750,TRANSIT Van (T_ _),"1985-09","1992-09",36
1776,TRANSIT Van (V_ _),"1977-01","1986-10",36
4706,ZODIAC,"1966-03","1972-10",36
4714,ZODIAC Station Wagon,"1962-03","1972-10",36
14264,SIERRA 2500 HD Extended Cab Pickup,"2000-09","2007-12",39
1265,"ACCORD I (SJ, SY, SM)","1976-05","1983-09",45
1251,"ACCORD I Hatchback (SJ, SY)","1979-01","1983-09",45
1253,"ACCORD II (AC, AD)","1983-09","1985-10",45
1252,"ACCORD II Hatchback (AC, AD)","1983-09","1985-10",45
1247,ACCORD III (CA),"1985-11","1989-12",45
3471,ACCORD III Aerodeck (CA),"1985-11","1989-12",45
11373,ACCORD III Coupe,"1985-03","1989-12",45
1246,ACCORD IV (CB),"1989-11","1993-12",45
1276,ACCORD IV Aerodeck (CB),"1989-09","1994-02",45
1248,"ACCORD IV Coupe (CB, CC)","1989-05","1993-12",45
1263,"ACCORD V (CC, CD)","1992-06","1997-12",45
1490,"ACCORD V (CE, CF_, CD)","1995-09","1998-12",45
1272,ACCORD V Aerodeck (CE),"1993-04","1998-02",45
1273,ACCORD V Coupe (CD),"1993-04","1998-12",45
3896,"ACCORD VI (CK, CG, CH, CF, CL)","1997-03","2003-12",45
3950,ACCORD VI Coupe (CG),"1997-12","2003-06",45
4576,"ACCORD VI Hatchback (CH, CL)","1999-12","2002-12",45
4963,"ACCORD VII (CL, CN)","2003-01","2012-09",45
11444,ACCORD VII (CM),"2002-09","2008-05",45
7803,ACCORD VIII (CU),"2008-04","2015-06",45
7804,ACCORD VIII Estate (CW),"2008-07","2015-06",45
4985,"ACCORD VII Tourer (CM, CN)","2002-11","2008-05",45
4502,ACTY (TN),"1979-08","1986-09",45
13535,ANC,,,45
12277,ANF,,,45
5902,BEAT (PP_),"1991-01","1996-09",45
12257,CA,,,45
3552,CAPA (GA),"1998-01","2002-09",45
12259,CB (251cc - 500cc),,,45
12260,CBF,,,45
12261,CBR ( - 600cc),,,45
12262,CBX,,,45
12263,CG,,,45
12264,CH,,,45
1269,CIVIC I Hatchback (SB),"1972-07","1983-09",45
8990,CIVIC II Estate (WC),"1979-01","1983-12",45
8989,"CIVIC II Hatchback (SS, SL)","1978-01","1983-12",45
1270,"CIVIC III Hatchback (AL, AJ, AG, AH)","1983-10","1987-10",45
873,"CIVIC III Saloon (AM, AK, AU)","1983-10","1988-12",45
1249,"CIVIC III Shuttle (AN, AR)","1983-08","1987-12",45
3576,CIVIC I Saloon (SF),"1979-10","1985-12",45
1256,"CIVIC IV Hatchback (EC, ED, EE, EF)","1987-09","1993-10",45
1250,"CIVIC IV Saloon (ED, EF)","1987-09","1993-10",45
1278,"CIVIC IV Shuttle (EE, EF)","1988-01","1995-02",45
9999,CIVIC IX (FK),"2012-02","2017-07",45
10873,CIVIC IX Saloon (FB),"2011-09","2016-12",45
11755,CIVIC IX Tourer (FK),"2014-01","2016-12",45
1274,CIVIC V Coupe (EJ),"1993-08","1996-03",45
3920,"CIVIC V Hatchback (EG, EH)","1991-10","1995-11",45
3562,"CIVIC VI Aerodeck (MB, MC)","1998-04","2001-02",45
5039,"CIVIC VI Coupe (EJ, EM1)","1996-03","2000-12",45
1275,"CIVIC VI Fastback (MA, MB)","1994-09","2001-02",45
1468,"CIVIC VI Hatchback (EJ, EK)","1995-10","2001-03",45
4734,CIVIC VII Coupe (EM2),"2001-02","2005-12",45
4733,"CIVIC VII Hatchback (EU, EP, EV)","2000-01","2006-02",45
5498,"CIVIC VIII Hatchback (FN, FK)","2005-09","2012-12",45
5517,"CIVIC VIII Saloon (FD, FA)","2005-09","2013-05",45
4803,"CIVIC VII Saloon (ES, ET)","2000-10","2006-04",45
1469,"CIVIC VI Saloon (EJ, EK, SO)","1995-06","2001-03",45
1264,"CIVIC V Saloon (EG, EH)","1991-10","1996-12",45
14943,CIVIC X Saloon (FC_),"2015-09",,45
12265,CLR,,,45
12266,CM,,,45
12267,CMX,,,45
12268,CN,,,45
1271,"CONCERTO (HW, MA)","1989-08","1996-10",45
4501,CONCERTO Saloon (HWW),"1989-08","1995-05",45
12269,CRF,,,45
1978,CR-V I (RD),"1995-10","2002-07",45
4880,CR-V II (RD_),"2001-09","2007-07",45
6247,CR-V III (RE_),"2006-06","2012-12",45
10180,CR-V IV (RM_),"2012-01",,45
1259,"CRX I (AF, AS)","1983-10","1987-10",45
1260,"CRX II (ED, EE)","1987-10","1992-02",45
1279,"CRX III (EH, EG)","1992-03","1998-12",45
8766,CR-Z (ZF),"2010-06","2016-12",45
13508,CTX,,,45
13506,CX,,,45
12270,DAX,,,45
12271,DN-01,,,45
12273,FES,,,45
12300,FJS,,,45
12274,FMX,,,45
5158,FR-V (BE),"2004-08","2011-12",45
12275,FX,,,45
12276,GL,,,45
4060,HR-V (GH_),"1999-03","2006-12",45
13606,HR-V (RU),"2014-11",,45
8040,INSIGHT (ZE_),"2009-04","2015-12",45
4577,INSIGHT (ZE),"2000-04","2006-12",45
4052,INTEGRA Coupe (DC),"1993-07","2001-11",45
4881,INTEGRA Coupe (DC5),"2001-08","2008-11",45
5095,INTEGRA Hatchback (DA),"1985-10","1993-08",45
1267,JAZZ I (AA),"1983-10","1986-10",45
4838,"JAZZ II (GD_, GE3, GE2)","2001-06","2008-12",45
7889,"JAZZ III (GE_, GG_, GP_, ZA_)","2007-10","2020-02",45
13101,JAZZ IV (GK_),"2013-09",,45
14002,LEAD,,,45
1255,"LEGEND I (HS, KA)","1986-01","1991-03",45
1254,LEGEND I Coupe (KA_),"1987-10","1991-03",45
3897,LEGEND II (KA),"1991-01","1996-03",45
1266,LEGEND II Coupe (KA),"1991-01","1996-03",45
1544,LEGEND III (KA),"1996-02","2004-09",45
8564,LEGEND IV (KB_),"2004-10","2013-12",45
4091,LOGO (GA),"1996-10","2002-03",45
12278,MBX,,,45
14284,MONTESA COTA,,,45
12280,MTX,,,45
1857,N600 III,"1966-06","1974-08",45
12281,NB,,,45
12282,NC,,,45
12019,NC INTEGRA,,,45
13561,NES,,,45
12283,NH,,,45
12319,NPS,,,45
12020,NS,,,45
12284,NSC,,,45
12285,NSR,,,45
12286,NSS,,,45
3479,NSX I Convertible (NA),"1995-03","2005-09",45
1262,NSX I Coupe (NA),"1990-06","2005-09",45
12287,NT,,,45
12288,NTV,,,45
12289,NX,,,45
12258,PA,,,45
12290,PCX,,,45
10021,PILOT,"2008-09",,45
12291,PK,,,45
1257,PRELUDE I Coupe (SN),"1978-11","1983-04",45
1258,PRELUDE II (AB),"1983-01","1987-09",45
1261,PRELUDE III (BA),"1986-04","1996-11",45
1277,PRELUDE IV (BB_),"1991-12","1997-02",45
3500,PRELUDE V (BB_),"1996-10","2001-12",45
12292,PS,,,45
12293,PX,,,45
1268,QUINTET (SU),"1980-02","1985-04",45
6849,RIDGELINE (YK),"2005-03","2014-12",45
12294,RVF,,,45
3997,S2000 (AP),"1999-03",,45
12295,SA,,,45
12021,SCV,,,45
12272,SES,,,45
12296,SFX,,,45
12297,SGX,,,45
12298,SH,,,45
1323,SHUTTLE (RA),"1994-06","2004-06",45
13490,SILVERWING,,,45
12301,SJ,,,45
12302,SLR,,,45
12299,SRX,,,45
12303,ST,,,45
4783,STREAM (RN),"2001-05",,45
12304,SW-T,,,45
12305,SXR,,,45
12306,VF,,,45
12307,VFR,,,45
13489,VISION,,,45
12308,VT,,,45
12309,VTR,,,45
12310,VTX,,,45
12311,WAVE,,,45
12312,X8R,,,45
12313,XBR,,,45
12314,XL,,,45
12315,XLR,,,45
12316,XR,,,45
12317,XRV,,,45
13486,Z,,,45
12318,ZB,,,45
4824,ELBA,"1991-08","1996-12",52
4825,KORAL,"1990-01","1992-12",52
1451,MINI,"1974-05","1995-01",52
7566,REGENT,"1974-01","1975-12",52
5492,ASCENDER,"2002-06",,54
1607,CAMPO (KB),"1977-04","1991-12",54
10252,"D-MAX II (TFR, TFS)","2012-06",,54
11172,"D-MAX II Platform/Chassis (TFR, TFS)","2012-06",,54
8848,"D-MAX I Platform/Chassis (TFR, TFS)","2006-10","2012-10",54
5420,GEMINI,"1990-01","1993-12",54
1186,GEMINI (JT),"1984-10","1990-12",54
5419,GEMINI Saloon,"1990-01","1993-12",54
1185,GEMINI Saloon (JT),"1984-09","1990-06",54
5421,IMPULSE,"1990-01","1993-12",54
11294,KB,"1980-01","1990-12",54
11313,KB Pickup,"1972-01","1980-12",54
3927,"MIDI Bus (94000, 98000)","1988-06","1996-07",54
1188,"MIDI Van (94000, 98000)","1988-06","1998-11",54
2057,MIDI Van (98000N),"1988-06","1996-07",54
1844,PIAZZA (JR_),"1981-06","1990-12",54
6853,PICKUP,"1987-10",,54
9667,PICKUP (TF),"1996-07",,54
11746,PICKUP Standard Cab Pickup,"1988-09","2002-12",54
5490,"RODEO I (TFR, TFS)","2002-05","2012-12",54
1184,TROOPER I (UBS),"1983-01","1991-12",54
5019,TROOPER II (UB),"1991-08","2000-04",54
4643,TROOPER III,"1998-05","2004-08",54
5023,TROOPER III Open Off-Road Vehicle,"2000-04","2004-08",54
5021,TROOPER II Open Off-Road Vehicle (UB),"1991-08","1998-07",54
1187,TROOPER I Open Off-Road Vehicle (UBS),"1983-01","1991-12",54
10642,DAILY II Bus,"1989-01","1999-05",55
14309,DAILY III Bus,"1999-05","2006-05",55
9524,DAILY III Platform/Chassis,"1998-03","2009-10",55
9523,DAILY III Van,"1999-05","2009-10",55
10641,DAILY II Platform/Chassis,"1989-01","1999-05",55
10643,DAILY II Van,"1989-01","2009-08",55
9522,DAILY I Platform/Chassis,"1978-01","1999-05",55
9520,DAILY I Van,"1978-01","1998-08",55
9745,DAILY IV Bus,"2006-05","2016-12",55
9527,DAILY IV Platform/Chassis,"2006-05","2012-03",55
9525,DAILY IV Van,"2006-05","2012-03",55
14311,DAILY VI Bus,"2014-03",,55
13059,DAILY VI Platform/Chassis,"2014-03",,55
13060,DAILY VI Van,"2014-03",,55
10645,DAILY V Platform/Chassis,"2011-09","2014-02",55
10648,DAILY V Van,"2011-09","2014-02",55
7973,MASSIF Pickup,"2008-10","2011-02",55
7974,MASSIF Single Cab,"2008-10","2011-02",55
7972,MASSIF Station Wagon,"2008-10","2011-02",55
1712,E-TYPE,"1961-04","1975-04",56
1713,E-TYPE 2+2,"1965-01","1975-04",56
1714,E-TYPE Convertible,"1961-04","1975-04",56
14864,F-PACE (X761),"2015-09",,56
10822,F-TYPE Convertible (X152),"2012-10",,56
11839,F-TYPE Coupe (X152),"2013-09",,56
11023,Mk II,"1955-09","1970-10",56
11327,Mk IX,"1958-10","1961-07",56
3953,S-TYPE II (X200),"1998-10","2008-12",56
13223,XE (X760),"2015-03",,56
6720,XF I (X250),"2008-03","2015-04",56
14381,XF II (X260),"2015-05",,56
10547,XF SPORTBRAKE (X250),"2012-09","2015-12",56
101,XJ,"1968-07","1993-02",56
105,"XJ (X300, X330)","1994-09","1999-12",56
4138,XJ (X308),"1996-09","2003-06",56
4977,"XJ (X350, X358)","2003-03","2009-03",56
8797,XJ (X351),"2009-10","2019-12",56
95,"XJ (XJ40, XJ81)","1986-10","1995-12",56
13289,XJ220 Coupe (X27),"1991-06","1995-12",56
111,XJ Coupe,"1973-09","1996-03",56
117,XJSC Convertible (X27),"1985-07","1997-09",56
1577,XK 8 Convertible (X100),"1996-03","2006-12",56
1576,XK 8 Coupe (X100),"1996-03","2006-12",56
11045,XK Convertible,"1950-01","1954-10",56
11404,XK Convertible,"1954-10","1957-09",56
11407,XK Convertible,"1957-09","1960-10",56
11046,XK Coupe,"1948-09","1954-12",56
5481,XK II Convertible (X150),"2006-03","2014-07",56
5480,XK II Coupe (X150),"2006-03","2014-12",56
4741,X-TYPE I (X400),"2001-03","2009-11",56
5107,X-TYPE I Estate (X400),"2003-09","2009-12",56
4130,"110 (2110)","1995-01","2012-12",63
4132,"111 (2111)","1995-01","2009-02",63
4131,"112 (2112)","1995-01","2011-12",63
115,"1200-1500 Estate","1973-09","1988-06",63
121,"1200-1600","1970-01","2005-12",63
10465,GRANTA (2190_),"2011-10",,63
7382,KALINA Estate (1117),"2004-09","2013-12",63
5617,KALINA Hatchback (1119),"2004-10","2013-12",63
12773,KALINA II Estate (2194_),"2013-05","2018-09",63
5618,KALINA Saloon (1118),"2004-09","2013-12",63
10466,"LARGUS Estate Van (KS0_, RS0_, KSA_)","2012-03",,63
4133,NADESCHDA (2120),"1997-12","2006-12",63
131,"NIVA Closed Off-Road Vehicle (2121, 2131)","1976-12",,63
136,NOVA (2105),"1981-05","2012-04",63
141,NOVA Estate (2104),"1984-09","2012-04",63
8929,PRIORA Estate (2171),"2009-05","2015-12",63
7381,PRIORA Hatchback (2172),"2008-02","2015-12",63
7380,PRIORA Saloon (2170_),"2007-04","2018-07",63
147,"SAMARA (2108, 2109, 2113, 2114)","1984-09","2013-12",63
1855,TOSCANA (2107),"1982-05","2012-05",63
14863,VESTA (GFL_),"2015-11",,63
1846,"VOLUMES Saloon (21099, 2115)","1987-09","2012-12",63
248,A 112,"1978-03","1986-12",64
7569,APPIA Berlina,"1959-03","1961-12",64
7570,APPIA Estate,"1959-03","1961-12",64
7955,AURELIA Berlina,"1950-01","1955-12",64
7958,AURELIA Convertible,"1956-01","1958-12",64
7956,AURELIA Coupe,"1951-01","1958-12",64
7957,AURELIA Spider,"1954-01","1955-12",64
4692,BETA (828_),"1973-08","1982-07",64
1872,BETA Coupe (828_),"1974-09","1984-12",64
397,BETA H.P.E. (828_),"1976-05","1984-09",64
1876,BETA Spider (828_),"1975-05","1986-10",64
254,DEDRA (835_),"1989-01","1999-07",64
3465,DEDRA SW (835_),"1994-07","1999-07",64
261,DELTA I (831_),"1979-09","1994-01",64
266,DELTA II (836_),"1993-06","1999-09",64
7568,DELTA III (844_),"2008-08","2014-08",64
7959,FLAMINIA Berlina,"1957-01","1970-12",64
7960,FLAMINIA Coupe,"1959-01","1969-12",64
7961,FLAMINIA GT,"1959-01","1969-12",64
7962,FLAVIA Berlina,"1960-11","1966-12",64
7964,FLAVIA Berlina,"1967-05","1970-12",64
7965,FLAVIA Berlina,"1971-05","1974-12",64
10309,FLAVIA Convertible (JS_),"2012-03","2014-12",64
7963,FLAVIA Coupe,"1961-01","1971-12",64
7966,FLAVIA Coupe,"1971-05","1973-12",64
7970,FULVIA Berlina,"1964-11","1969-12",64
7971,FULVIA Berlina (818_),"1969-12","1975-03",64
1878,FULVIA Coupe (818_),"1965-01","1976-12",64
1877,GAMMA (830_),"1978-03","1986-10",64
1879,GAMMA Coupe (830_),"1977-09","1986-10",64
190,KAPPA (838_),"1994-08","2001-10",64
1894,KAPPA Coupe (838_),"1996-07","2001-03",64
1893,KAPPA SW (838_),"1996-07","2001-10",64
4135,LYBRA (839_),"1999-07","2005-10",64
4136,LYBRA SW (839_),"1999-07","2005-10",64
5163,MUSA (350_),"2004-10","2012-09",64
4918,PHEDRA (179_),"2002-09","2010-11",64
451,PRISMA (831_),"1983-01","1992-02",64
1873,SCORPION (137_),"1975-09","1983-10",64
391,THEMA (834_),"1984-11","1994-07",64
9732,THEMA (LX_),"2011-09","2014-10",64
395,THEMA SW (834_),"1987-03","1994-07",64
4788,THESIS (841_),"2002-07","2009-07",64
401,TREVI (828_),"1980-05","1987-01",64
9733,VOYAGER MPV (404_),"2011-09","2014-12",64
4050,Y (840_),"1995-11","2003-09",64
3991,Y10 (156_),"1985-03","1995-12",64
9612,YPSILON (312_),"2011-05",,64
5022,YPSILON (843_),"2003-10","2011-12",64
1462,ZETA (22_),"1995-05","2003-10",64
4026,"1000 (FA3)","1975-01","1977-01",72
88,"121 I (DA)","1987-03","1991-06",72
92,"121 II (DB)","1990-11","1997-05",72
1510,"121 III (JASM, JBSM)","1996-03","2003-04",72
4027,"1300 (FA3)","1971-02","1977-01",72
6436,"2 (DE_, DH_)","2007-07","2015-06",72
4958,"2 (DY)","2003-02","2007-06",72
13240,"2 Hatchback (DL, DJ)","2014-08",,72
5062,"3 (BK)","2003-10","2009-12",72
8036,"3 (BL)","2008-12","2014-09",72
11526,"3 (BM, BN)","2013-07","2019-05",72
356,"323 C IV (BG)","1989-06","2000-09",72
311,"323 C V (BA)","1994-08","2001-01",72
352,"323 F IV (BG)","1987-04","1994-10",72
315,"323 F V (BA)","1994-07","2000-02",72
3853,"323 F VI Hatchback (BJ)","1998-09","2004-07",72
320,"323 I (FA)","1977-01","1982-11",72
3461,"323 II Hatchback (BD)","1980-06","1989-10",72
338,"323 III Hatchback (BF)","1985-08","2004-07",72
347,"323 III Saloon (BF)","1985-08","2004-07",72
342,"323 III Station Wagon (BW)","1986-01","1998-10",72
333,"323 II Saloon (BD)","1980-10","1989-10",72
324,"323 I Station Wagon (FA)","1978-05","1986-05",72
3855,"323 P V (BA)","1996-10","1998-09",72
361,"323 S IV (BG)","1989-06","1996-10",72
365,"323 S V (BA)","1992-09","2003-12",72
3852,"323 S VI Saloon (BJ)","1998-05","2004-07",72
5063,"3 Saloon (BK)","1999-09","2009-12",72
8037,"3 Saloon (BL)","2008-12","2014-12",72
11527,"3 Saloon (BM_, BN_)","2013-09","2019-12",72
5410,"5 (CR)","2005-02","2010-12",72
9571,"5 (CW)","2010-06",,72
4028,"616 (SNA)","1969-09","1978-10",72
495,"626 I (CB)","1978-09","1982-10",72
503,"626 II (GC)","1982-11","1993-05",72
8375,"626 II Coupe (GC)","1982-09","1987-10",72
3462,"626 II Hatchback (GC)","1982-11","1993-05",72
521,"626 III (GD)","1987-06","1992-05",72
508,"626 III Coupe (GD)","1987-06","1992-05",72
3931,"626 III Hatchback (GD)","1987-06","1992-05",72
516,"626 III Station Wagon (GV)","1987-09","1998-10",72
491,"626 IV (GE)","1991-08","1998-08",72
525,"626 IV Hatchback (GE)","1991-08","1998-08",72
1979,"626 V (GF)","1997-05","2006-05",72
1980,"626 V Hatchback (GF)","1997-05","2002-12",72
3400,"626 V Station Wagon (GW)","1998-01","2003-05",72
7571,"6 Estate (GH)","2007-12","2013-07",72
10888,"6 Estate (GJ, GL)","2012-08",,72
4887,"6 Hatchback (GG)","2002-08","2008-12",72
6986,"6 Hatchback (GH)","2007-08","2013-07",72
4886,"6 Saloon (GG)","2002-06","2008-12",72
6987,"6 Saloon (GH)","2007-08","2013-12",72
10884,"6 Saloon (GJ, GL)","2012-12",,72
4888,"6 Station Wagon (GY)","2002-01","2008-02",72
4029,"818 Estate","1971-09","1978-10",72
173,"929 I (LA)","1977-10","1986-07",72
180,"929 II (HB)","1981-12","1987-09",72
177,"929 II Coupe (HB)","1981-12","1987-09",72
183,"929 II Estate (HV)","1983-01","1987-12",72
188,"929 III (HC)","1987-05","1991-08",72
8608,"929 IV (HD)","1990-01","1996-03",72
4581,B-SERIE (UF),"1985-01","2000-12",72
4200,B-SERIE (UN),"1998-11","2008-12",72
8634,B-SERIE Platform/Chassis (UF),"1985-05","2001-10",72
10542,"BT-50 II Pickup (B22, B32, UP, UR)","2011-11",,72
6246,"BT-50 Pickup (CD, UN)","2006-08","2015-12",72
8639,"BT-50 Platform/Chassis (CD, UN)","2006-08",,72
13892,CX-3 (DK),"2015-01",,72
10207,"CX-5 (KE, GH)","2011-11","2017-02",72
6435,CX-7 (ER),"2006-06","2014-12",72
8556,CX-9 (TB),"2006-09",,72
3883,DEMIO (DW),"1996-01","2003-07",72
301,E Bus (SR1),"1984-01","2004-07",72
8511,"E Platform/Chassis (SD1, SL)","1999-08","2006-02",72
8507,E Platform/Chassis (SD1),"1983-01","1999-07",72
4495,E Van,"1978-04","1984-06",72
2058,E Van (SR2),"1983-10","2004-07",72
6427,FESTIVA,"1989-04","1993-12",72
1582,MPV I (LV),"1988-09","1999-09",72
4417,MPV II (LW),"1999-08","2006-12",72
331,MX-3 (EC),"1991-05","1998-09",72
336,MX-5 I (NA),"1989-09","1998-04",72
3553,MX-5 II (NB),"1998-01","2005-10",72
5448,MX-5 III (NC),"2005-03","2014-12",72
14059,MX-5 IV (ND__),"2015-04",,72
8642,MX-6 (GD),"1987-10","1997-01",72
340,MX-6 (GE),"1991-07","1997-09",72
4233,PREMACY (CP),"1999-01","2005-03",72
4922,RX-5,"1975-06","1981-12",72
175,RX-7 I (SA),"1978-03","1986-03",72
179,RX-7 II (FC),"1985-11","1991-12",72
7895,RX-7 II Convertible,"1988-01","1992-06",72
182,RX-7 III (FD),"1992-07","2002-08",72
4980,"RX-8 (SE, FE)","2003-10","2012-07",72
4615,TRIBUTE (EP),"2000-03","2008-05",72
82,XEDOS 6 (CA),"1992-01","1999-10",72
87,XEDOS 9 (TA),"1993-07","2002-09",72
548,/8 (W114),"1968-01","1976-11",74
552,/8 (W115),"1968-01","1977-01",74
543,/8 Coupe (W114),"1969-04","1977-02",74
4,"123 Coupe (C123)","1977-03","1985-12",74
571,"123 Saloon (W123)","1976-01","1985-12",74
9,"123 T-Model (S123)","1977-09","1986-12",74
96,"124 Convertible (A124)","1991-09","1993-06",74
12,"124 Coupe (C124)","1987-03","1993-07",74
18,"124 Saloon (W124)","1984-12","1993-08",74
24,"124 T-Model (S124)","1985-09","1993-12",74
1746,"170 Saloon (W136, W191)","1936-03","1955-09",74
52,"190 (W201)","1982-10","1993-08",74
1982,A-CLASS (W168),"1997-07","2005-08",74
5165,A-CLASS (W169),"2004-04","2012-06",74
10342,A-CLASS (W176),"2012-06","2018-05",74
13198,AMG GT (C190),"2014-10","2021-12",74
5396,B-CLASS Sports Tourer (W245),"2005-03","2011-11",74
9769,"B-CLASS Sports Tourer (W246, W242)","2011-10","2018-12",74
3385,"CABRIOLET (W111, W112)","1961-09","1971-12",74
520,C-CLASS (W202),"1993-03","2000-05",74
4640,C-CLASS (W203),"2000-05","2007-12",74
6224,C-CLASS (W204),"2007-01","2015-01",74
11851,C-CLASS (W205),"2013-07","2023-02",74
9624,C-CLASS Coupe (C204),"2011-01",,74
14664,C-CLASS Coupe (C205),"2015-10","2023-04",74
4708,C-CLASS Coupe (CL203),"2001-03","2011-06",74
1516,C-CLASS T-Model (S202),"1996-06","2001-03",74
4754,C-CLASS T-Model (S203),"2001-03","2007-08",74
6437,C-CLASS T-Model (S204),"2007-08","2014-08",74
12855,C-CLASS T-Model (S205),"2014-09","2023-02",74
10861,CITAN Box Body/MPV (W415),"2012-11","2021-08",74
10803,CITAN Mixto (Double Cabin) (W415),"2012-11","2021-08",74
10862,CITAN MPV (W415),"2012-11","2021-08",74
11050,CLA Coupe (C117),"2013-01","2019-03",74
13518,CLA Shooting Brake (X117),"2015-01","2019-03",74
7365,CLC-CLASS (CL203),"2008-05","2011-06",74
1981,CLK (C208),"1997-06","2003-12",74
4889,CLK (C209),"2002-05","2010-03",74
3558,CLK Convertible (A208),"1998-03","2002-03",74
4974,CLK Convertible (A209),"2002-06","2010-03",74
9052,CLS (C218),"2011-01","2017-12",74
5118,CLS (C219),"2004-10","2011-02",74
10848,CLS Shooting Brake (X218),"2012-10","2017-12",74
534,"COUPE (W111, W112)","1961-01","1971-12",74
106,E-CLASS (W124),"1993-02","1996-06",74
1314,E-CLASS (W210),"1995-06","2003-08",74
4874,E-CLASS (W211),"2002-03","2009-03",74
8034,E-CLASS (W212),"2009-01","2016-12",74
3907,E-CLASS Convertible (A124),"1993-05","1998-03",74
8524,E-CLASS Convertible (A207),"2010-01","2016-12",74
3448,E-CLASS Coupe (C124),"1993-06","1997-06",74
8035,E-CLASS Coupe (C207),"2009-01","2016-12",74
118,E-CLASS T-Model (S124),"1993-06","1996-06",74
1539,E-CLASS T-Model (S210),"1996-06","2003-03",74
4947,E-CLASS T-Model (S211),"2003-02","2009-07",74
8160,E-CLASS T-Model (S212),"2009-08","2016-12",74
60,G-CLASS (W460),"1979-03","1993-08",74
4077,G-CLASS (W461),"1989-09",,74
65,G-CLASS (W463),"1989-09","2018-12",74
2015,G-CLASS Cabrio (W463),"1989-09","2018-02",74
11743,GLA-CLASS (X156),"2013-12","2022-05",74
14305,GLC (X253),"2015-06","2022-06",74
5521,GL-CLASS (X164),"2006-09","2012-12",74
11184,GL-CLASS (X166),"2012-07","2015-12",74
13966,GLE (W166),"2015-04","2018-10",74
13831,GLE Coupe (C292),"2015-03","2019-10",74
7580,GLK-CLASS (X204),"2008-06","2015-12",74
14799,GLS (X166),"2015-11","2019-04",74
3497,GULLWING (W198),"1954-09","1957-05",74
529,HECKFLOSSE (W110),"1959-08","1968-02",74
3577,"HECKFLOSSE (W111, W112)","1959-08","1968-01",74
2012,HENSCHEL 2-t,"1973-02","1977-12",74
530,MB Bus (W631),"1988-02","1996-04",74
4821,MB Platform/Chassis (W631),"1988-02","1996-02",74
2050,MB Van (W631),"1988-02","1996-09",74
9038,MB Van (W661),"1999-11","2005-05",74
3414,M-CLASS (W163),"1998-02","2005-07",74
5415,M-CLASS (W164),"2005-02","2012-12",74
9800,M-CLASS (W166),"2011-06","2015-12",74
538,PAGODE (W113),"1963-01","1971-12",74
561,PONTON (W120),"1953-01","1962-12",74
3578,PONTON (W121),"1959-01","1961-12",74
3579,PONTON (W128),"1958-01","1959-08",74
3580,PONTON (W180),"1954-01","1959-12",74
4061,PULLMANN (W100),"1963-09","1979-01",74
5463,"R-CLASS (W251, V251)","2005-08","2017-10",74
557,S-CLASS (W116),"1972-08","1980-07",74
29,S-CLASS (W126),"1979-10","1991-06",74
47,S-CLASS (W140),"1991-02","1998-10",74
3575,"S-CLASS (W220, V220)","1998-09","2005-08",74
5455,"S-CLASS (W221, V221)","2005-09","2013-12",74
11234,"S-CLASS (W222, V222, X222)","2013-05","2020-08",74
14923,S-CLASS Convertible (A217),"2015-12","2020-08",74
35,S-CLASS Coupe (C126),"1980-08","1991-06",74
43,S-CLASS Coupe (C140),"1992-07","1999-12",74
4095,S-CLASS Coupe (C215),"1999-03","2006-12",74
5599,S-CLASS Coupe (C216),"2006-05","2013-12",74
11949,S-CLASS Coupe (C217),"2014-04","2020-08",74
524,"S-CLASS Saloon (W108, W109)","1966-01","1972-08",74
570,SL (R107),"1971-05","1989-12",74
39,SL (R129),"1989-03","2004-09",74
4806,SL (R230),"2001-10","2012-01",74
10172,SL (R231),"2011-12","2020-04",74
566,SL (W121),"1955-01","1963-12",74
14966,SLC (R172),"2016-01",,74
3445,SL Coupe (C107),"1972-01","1985-08",74
1583,SLK (R170),"1996-04","2004-04",74
5109,SLK (R171),"2004-03","2011-12",74
9201,SLK (R172),"2011-01",,74
5119,SLR (R199),"2004-04",,74
1778,SL Roadster (W198),"1957-05","1963-02",74
7366,SLR Roadster (R199),"2006-10",,74
8533,SLS AMG (C197),"2010-03",,74
9654,SLS AMG Roadster (R197),"2011-06",,74
2040,"SPRINTER 2-t Bus (B901, B902)","1995-01","2006-05",74
1313,"SPRINTER 2-t Platform/Chassis (B901, B902)","1995-01","2006-05",74
2039,"SPRINTER 2-t Van (B901, B902)","1995-01","2006-05",74
5589,"SPRINTER 3,5-t Bus (B906)","2006-06","2020-09",74
5591,"SPRINTER 3,5-t Platform/Chassis (B906)","2006-06","2018-12",74
5590,"SPRINTER 3,5-t Van (B906)","2006-06","2020-09",74
2041,SPRINTER 3-t Bus (B903),"1995-01","2012-05",74
5586,SPRINTER 3-t Bus (B906),"2006-06","2019-12",74
3505,SPRINTER 3-t Platform/Chassis (B903),"1995-01","2012-05",74
5588,SPRINTER 3-t Platform/Chassis (B906),"2006-06","2018-12",74
3906,SPRINTER 3-t Van (B903),"1995-01","2012-05",74
5587,SPRINTER 3-t Van (B906),"2006-06","2018-12",74
8506,"SPRINTER 4,6-t Platform/Chassis (B906)","2006-06","2020-09",74
8505,"SPRINTER 4,6-t Van (B906)","2006-06","2020-09",74
4662,SPRINTER 4-t Bus (B904),"1996-02","2006-05",74
4664,SPRINTER 4-t Platform/Chassis (B904),"1995-02","2012-05",74
4663,SPRINTER 4-t Van (B904),"1995-02","2012-05",74
11597,SPRINTER 5-t Bus (B906),"2006-06","2020-09",74
9518,SPRINTER 5-t Platform/Chassis (B905),"2001-04","2006-05",74
5594,SPRINTER 5-t Platform/Chassis (B906),"2006-06","2020-09",74
5593,SPRINTER 5-t Van (B906),"2006-06","2020-09",74
9511,T1/TN Platform/Chassis,"1981-07","1995-06",74
9510,T1/TN Van,"1981-07","1995-06",74
1749,T1 Bus (602),"1977-04","1996-02",74
473,T1 Bus (B601),"1977-05","1996-02",74
3504,T1 Platform/Chassis (601),"1977-01","1996-02",74
2014,T1 Platform/Chassis (B602),"1977-01","1996-02",74
2013,"T1 Van (601, 611)","1977-05","1996-02",74
3909,T1 Van (B602),"1982-10","1996-02",74
9502,T2/L Municipal Vehicle,"1972-06","1982-08",74
9505,T2/LN1 Bus,"1987-07","1992-12",74
9509,T2/LN1 Cab with engine,"1986-04","1994-12",74
9508,T2/LN1 Platform/Chassis,"1986-04","2011-12",74
9506,T2/LN1 Van,"1986-04","1994-12",74
9503,T2/L Platform/Chassis,"1968-01","1988-12",74
9500,T2/L Van,"1968-01","1988-12",74
4810,VANEO (414),"2002-02","2005-07",74
9512,VARIO Bus (B670),"1996-08",,74
9516,VARIO Cab with engine,"1996-09",,74
9515,"VARIO Platform/Chassis (B670, B668, B667)","1996-09",,74
9513,"VARIO Van (B667, B670, B668)","1996-09",,74
4078,V-CLASS (638/2),"1996-02","2003-07",74
11889,V-CLASS (W447),"2014-03",,74
5012,VIANO (W639),"2003-09",,74
5014,VITO / MIXTO Van (W639),"2003-08",,74
1487,VITO Bus (W638),"1996-02","2003-07",74
5013,VITO Bus (W639),"2003-09",,74
13077,VITO Mixto (Double Cabin) (W447),"2014-10",,74
13078,VITO Tourer (W447),"2014-10",,74
13076,VITO Van (W447),"2014-10",,74
4058,VITO Van (W638),"1997-03","2003-07",74
4457,"1300 Mk.II","1967-09","1971-09",75
4456,MAESTRO,"1983-03","1990-09",75
4455,MAGNETTE,"1961-03","1968-09",75
4454,METRO,"1982-05","1990-09",75
9740,MG 6 Saloon,"2010-11",,75
11018,MGA Coupe,"1955-05","1962-07",75
1399,MGB Convertible,"1962-05","1981-12",75
1400,MGB GT,"1965-07","1980-11",75
4459,MGC,"1967-01","1969-09",75
4461,MGC GT,"1967-01","1969-09",75
4463,MGF (RD),"1995-03","2002-03",75
1401,MGR V8,"1992-09","1995-12",75
5385,MG X-POWER,"2003-01","2008-04",75
1418,MIDGET,"1964-01","1979-12",75
4458,MONTEGO,"1984-04","1990-09",75
5049,TF,"2002-03","2009-12",75
5050,ZR,"2001-06","2005-04",75
5051,ZS,"2001-07","2005-04",75
5052,ZS Hatchback,"2001-07","2005-10",75
5053,ZT,"2001-06","2005-10",75
5054,ZT- T,"2001-10","2005-10",75
233,"3000 GT Coupe (Z1_A)","1989-06","2000-08",77
8631,ASX (GA_W_),"2009-11",,77
1474,CARISMA (DA_),"1995-05","2006-06",77
1584,CARISMA Saloon (DA_),"1996-09","2006-06",77
5523,COLT CZC VI Convertible (RG),"2006-05","2009-07",77
27,COLT I (A15_A),"1978-12","1984-03",77
32,COLT II (C1_A),"1982-10","1988-04",77
37,COLT III (C5_A),"1986-10","1992-05",77
40,COLT IV (CA_A),"1992-03","1996-04",77
1548,"COLT V (CJ_, CP_)","1995-09","2004-08",77
5126,"COLT VI (Z3_A, Z2_A)","2002-10","2012-12",77
89,"CORDIA (A21_A, AB, AC)","1982-10","1989-07",77
5977,DEBONAIR (S1_A),"1986-04","1992-08",77
5978,DEBONAIR (S2_A),"1992-09","1997-10",77
11308,DELICA / SPACE GEAR,"1994-01","2007-01",77
306,ECLIPSE I (D2_A),"1989-12","1995-12",77
1473,ECLIPSE II (D3_A),"1994-04","1999-04",77
5817,ECLIPSE IV (DK_A),"2005-04","2012-12",77
447,GALANT III (A12_),"1977-01","1980-08",77
450,GALANT III Station Wagon (A12_V),"1979-01","1980-08",77
454,GALANT IV (A16_),"1980-09","1984-05",77
3458,GALANT IV Station Wagon (A16_V),"1980-09","1984-05",77
5822,"GALANT IX Saloon (DJ_, ED_, EF_)","2003-10",,77
461,GALANT V (E1_A),"1983-10","1990-12",77
3459,GALANT VI (E3_A),"1988-11","1992-12",77
475,"GALANT VII (E5_A, E7_A, E8_A)","1992-11","1996-10",77
1897,GALANT VIII (EA_),"1996-09","2004-10",77
1898,"GALANT VIII Estate (EA_, EC_)","1996-09","2003-10",77
478,"GALANT VII Saloon (E5_A, E7_A, E8_A)","1992-06","1998-12",77
470,GALANT VI Saloon (E3_A),"1987-11","1993-03",77
5124,GRANDIS (NA_W),"2003-03","2011-12",77
8522,i (HA_),"2006-01",,77
5524,"L200 / TRITON (KA_T, KB_T)","2004-01","2018-12",77
13834,"L200 / TRITON (KJ_, KK_, KL_)","2014-02",,77
10558,"L200 / TRITON Platform/Chassis (KA_T, KB_T)","2006-03","2015-12",77
1554,"L200 (K3_T, K2_T, K1_T, K0_T)","1983-01","1999-06",77
103,"L 300 / DELICA II Bus (L03_P/G, L0_2P)","1980-05","1987-02",77
4005,L 300 / DELICA II Platform/Chassis (L03_P),"1980-05",,77
1812,L 300 / DELICA II Van (L03_P),"1980-02","1987-02",77
109,"L 300 III Bus (P0_W, P1_W, P2_W, P3_W)","1986-08",,77
4007,L 300 III Platform/Chassis (P1_T ),"1994-04",,77
1813,"L 300 III Van (P0_V, P1_V, P2_V)","1986-11","2013-12",77
4485,"L400 Bus (PD_W, PC_W, PA_V, PB_V, PA_W)","1994-06","2007-04",77
4486,"L400 Van (PD_W, PC_W, PB_V, PA_W, PA_V)","1994-12","2007-04",77
526,LANCER CELESTE Coupe (A7_),"1975-10","1981-06",77
3970,LANCER F (A15_),"1983-03","1986-09",77
44,LANCER I (A7_),"1973-02","1979-09",77
162,LANCER II (A17_),"1979-09","1983-02",77
171,"LANCER III (C1_A, C6_A)","1983-11","1990-06",77
3456,"LANCER III Station Wagon (C1_V, C3_V)","1985-09","1992-08",77
3455,LANCER I Station Wagon (A7_V),"1978-01","1979-09",77
178,"LANCER IV (C6_A, C7_A)","1988-04","1997-12",77
3457,"LANCER IV Hatchback (C6_A, C7_A)","1988-04","1994-05",77
185,"LANCER V (CB_A, CD_A, CE_A)","1991-07","1996-12",77
1549,"LANCER VI (CJ_, CP_, CK_)","1995-09","2003-12",77
5076,"LANCER VII (CS_A, CT_A)","2000-01","2013-12",77
5077,"LANCER VII Estate (CS_W, CT_W)","2003-09","2008-12",77
6741,"LANCER VIII (CY_A, CZ_A)","2007-03",,77
7379,LANCER VIII Sportback (CX_A),"2007-10",,77
1328,"LANCER V Station Wagon (CB_W, CD_W)","1992-09","2003-10",77
13588,MIRAGE / SPACE STAR VI Hatchback (A0_A),"2012-01",,77
6327,MIRAGE II Hatchback (C10),"1983-10","1988-01",77
6332,"MIRAGE IV Hatchback (CJ_A, CL_A, CA_A, CC_A)","1991-07","2003-07",77
396,"405 I (15B)","1987-01","1993-12",88
7604,MIRAGE V Hatchback (CJ_A),"1995-09","2003-07",77
11697,MIRAGE VI Saloon (A1_A),"2013-07",,77
4992,OUTLANDER I (CU_W),"2001-03","2008-07",77
6233,OUTLANDER II (CW_W),"2005-09","2012-12",77
10624,"OUTLANDER III (GG_W, GF_W, ZJ, ZL, ZK)","2010-11","2022-12",77
4939,"PAJERO CLASSIC (V2_W, V6_W, V7_W)","2001-07",,77
390,"PAJERO I (L04_G, L14_G)","1982-04","1991-12",77
2035,PAJERO I Canvas Top (L04_G),"1982-12","1990-11",77
394,"PAJERO II (V3_W, V2_W, V4_W, V5_W)","1990-12","2001-05",77
11375,PAJERO II (V3_W),"2000-04","2007-09",77
2036,"PAJERO II Canvas Top (V2_C, V4_C)","1990-12","2000-04",77
10825,"PAJERO III (V7_W, V6_W)","1999-01","2007-09",77
1097,"PAJERO III Canvas Top (V6_W, V7_W)","2000-02","2006-12",77
6248,"PAJERO IV (V8_W, V9_W)","2006-10",,77
9834,"PAJERO IV Van (V9_, V8_, V8_V)","2006-11",,77
4453,"PAJERO PININ I (H6_W, H7_W)","1999-01","2007-06",77
14579,PAJERO SPORT III (KS_),"2015-08",,77
4616,"PROUDIA/DIGNITY (S4_A, S3_A)","1999-10","2001-05",77
4187,SANTAMO (UG),"1999-03","2004-12",77
199,SAPPORO I (A12_),"1978-04","1980-07",77
204,SAPPORO II (A16_A),"1980-08","1984-09",77
207,SAPPORO III (E16A),"1987-06","1990-08",77
263,"SIGMA (F2_A, F1_A)","1990-10","1996-07",77
1556,SIGMA Station Wagon (F0_W),"1992-06","1996-10",77
4462,"SPACE RUNNER (N6_W, N7_W)","1997-11","2003-01",77
3971,"SPACE RUNNER MPV (N1_W, N2_W)","1991-10","1999-08",77
4045,SPACE STAR MPV (DG_A),"1998-06","2004-12",77
279,SPACE WAGON (D0_V/W),"1984-01","1992-01",77
285,"SPACE WAGON (N3_W, N4_W)","1991-05","2000-11",77
3975,"SPACE WAGON (N9_W, N8_W)","1998-07","2004-12",77
4015,"SPORT WAGON I (K7_, K9_)","1996-07",,77
303,STARION (A18_A),"1982-05","1990-06",77
1555,"STRAKER (K7_T, K6_T, K5_T)","1996-01","2011-12",77
467,TREDIA (A21_),"1982-09","1988-03",77
4362,ITAL,"1980-07","1984-03",78
4363,ITAL Station Wagon,"1980-07","1984-03",78
1596,MARINA,"1971-04","1980-06",78
1597,MARINA Coupe,"1971-04","1980-10",78
4472,MARINA III,"1978-10","1980-10",78
4477,MARINA III Estate,"1978-10","1980-10",78
7667,MARINA II Pickup,"1975-11","1982-03",78
4471,MARINA II Saloon,"1975-10","1978-09",78
4473,MARINA II Station Wagon,"1975-10","1980-10",78
1599,MARINA Station Wagon,"1971-04","1997-12",78
11398,MINI,"1961-01","1981-06",78
11400,MINI Estate,"1960-01","1981-08",78
7675,MINOR Estate,"1955-11","1971-10",78
7677,MINOR Saloon,"1955-11","1971-12",78
7666,OXFORD,"1959-11","1962-09",78
1195,"100NX (B13)","1990-03","1996-01",80
1194,"200SX (S13)","1988-07","1995-12",80
4201,"200SX Coupe (S14)","1993-10","1999-12",80
11163,"240Z (S30)","1970-10","1974-05",80
1193,"280ZX,ZXT (HGS130)","1978-07","1984-05",80
3434,"300ZX (Z31)","1984-01","1990-10",80
1225,"300ZX (Z32)","1989-09","2000-12",80
5018,"350Z Coupe (Z33)","2002-09","2009-12",80
5203,"350Z Roadster (Z33)","2002-09","2009-12",80
8052,"370Z Coupe (Z34)","2009-01",,80
8862,"370Z Roadster (Z34)","2009-01",,80
1476,ALMERA I (N15),"1995-07","2000-09",80
1475,ALMERA I Hatchback (N15),"1995-07","2001-01",80
4651,ALMERA II (N16),"2000-04",,80
4607,ALMERA II Hatchback (N16),"2000-01",,80
4083,ALMERA TINO (V10),"1998-12","2006-02",80
7610,ALTIMA (L31),"2001-08","2007-04",80
7040,ALTIMA (L32),"2006-10","2013-07",80
11717,ALTIMA (L33),"2012-05",,80
1201,"AXXESS (M10, NM10)","1982-12","1988-10",80
1219,AXXESS (M11),"1988-10","1998-10",80
1207,BLUEBIRD (910),"1980-01","1983-12",80
4013,BLUEBIRD (B610) (610),"1971-08","1980-01",80
1203,"BLUEBIRD (T72 , T12, U12)","1985-12","1990-12",80
1205,BLUEBIRD (U11),"1983-11","1990-05",80
1211,"BLUEBIRD Hatchback (T72, T12)","1985-12","1992-11",80
4012,BLUEBIRD Saloon (910),"1980-01","1986-06",80
1212,BLUEBIRD Station Wagon (WU11),"1983-11","1990-12",80
1213,BLUEBIRD Traveller (W910),"1980-01","1986-06",80
6263,"CABSTAR (F22, H40)","1982-01","1993-09",80
6265,"CABSTAR (F23, H41, H42)","1992-07","2011-09",80
6264,"CABSTAR E (TL_, VL_)","1992-07","2006-11",80
6271,CEDRIC (Y30),"1983-10","1997-08",80
6272,CEDRIC Hardtop (Y31),"1987-09","1991-05",80
4014,CHERRY (E10) I,"1970-09","1978-09",80
1220,CHERRY II Coupe (N10),"1978-08","1982-12",80
1221,CHERRY II Hatchback (N10),"1978-08","1984-06",80
1197,CHERRY III (N12),"1982-04","1987-10",80
1209,CHERRY II Traveller (VN10),"1978-08","1983-12",80
8499,CUBE (Z12),"2007-09",,80
1823,"DATSUN 100A (E10, BLF10)","1974-12","1980-08",80
2086,DATSUN 100A Estate (WBLF10),"1975-12","1980-08",80
1824,DATSUN 120 Saloon (B210),"1962-04","1980-08",80
2087,DATSUN 120Y Coupe (KB210),"1962-04","1980-08",80
4011,DATSUN 140J (710),"1973-01","1977-05",80
1825,DATSUN 140Y Estate (HLB310),"1979-02","1983-06",80
1826,"DATSUN 160J (710, A10)","1973-01","1983-09",80
1827,DATSUN 180B (PL810),"1977-05","1981-01",80
1828,DATSUN 240 Coupe (C210),"1978-03","1981-07",80
8920,FIGARO Coupe (FK10),"1991-02","1992-04",80
7532,GT-R (R35),"2007-12",,80
4944,INTERSTAR Bus (X70),"2002-04",,80
6616,INTERSTAR Platform/Chassis (X70),"2003-08",,80
4945,INTERSTAR Van (X70),"2002-04",,80
8922,JUKE (F15),"2010-06","2019-12",80
8531,KUBISTAR Van (X76),"2003-08",,80
1196,LAUREL (HLC230),"1977-03","1983-05",80
1198,LAUREL (JC31),"1980-11","1985-12",80
1189,LAUREL (JC32),"1984-11","1990-06",80
9010,LEAF (ZE0),"2010-11","2017-12",80
1320,MAXIMA / MAXIMA QX IV (A32),"1994-03","2000-08",80
4618,MAXIMA / MAXIMA QX IV Station Wagon (A32),"1997-10","2000-12",80
4617,MAXIMA / MAXIMA QX V (A33),"1999-04","2004-07",80
6872,MAXIMA II (PU11),"1984-09","1988-12",80
1192,MAXIMA III (J30),"1988-10","1995-02",80
11322,MAXIMA VI (A34),"2003-01","2008-12",80
10091,MAXIMA VII (A35),"2008-09",,80
5458,MICRA C+C III (K12),"2005-08","2010-06",80
1190,MICRA I (K10),"1982-12","1992-11",80
1208,MICRA II (K11),"1992-01","2007-12",80
4971,MICRA III (K12),"2002-03","2011-09",80
9133,"MICRA IV (K13K, K13KK)","2010-05",,80
5382,MURANO I (Z50),"2002-04","2009-12",80
7870,MURANO II (Z51),"2007-10","2014-09",80
7814,NAVARA (D21),"1985-09","2008-03",80
7813,NAVARA (D22),"1997-01",,80
5434,NAVARA NP300 (D40),"2004-10",,80
13324,"NAVARA NP300 Pickup (D23, D23T)","2014-07",,80
14046,NAVARA NP300 Platform/Chassis (D23),"2015-01",,80
8653,NAVARA NP300 Platform/Chassis (D40),"2008-07",,80
5482,"NOTE (E11, NE11)","2005-01","2013-08",80
11226,NOTE (E12),"2012-09",,80
9016,NP300 PICKUP (D22),"2008-04",,80
8660,NV200 / EVALIA Bus,"2010-07",,80
8659,NV200 Van,"2010-02",,80
9842,"NV400 Bus (X62, X62B)","2011-11",,80
9846,"NV400 Platform/Chassis (X62, X62B)","2011-11",,80
9841,"NV400 Van (X62, X62B)","2011-11",,80
3563,PATHFINDER II (R50),"1995-09","2005-07",80
5395,PATHFINDER III (R51),"2005-01",,80
3932,"PATROL GR IV (Y60, GR, 260L)","1986-01","1998-02",80
3880,PATROL GR V Wagon (Y61),"1997-06",,80
2037,PATROL III/1 Hardtop (K160),"1979-11","1989-02",80
1228,PATROL III/1 Station Wagon (W160),"1979-11","1989-02",80
2038,PATROL III/2 Hardtop (K260),"1984-10","1998-04",80
1227,PATROL III/2 Station Wagon (W260),"1988-08","1998-04",80
4008,PICK UP (720),"1980-01","1986-03",80
3515,PICK UP (D21),"1985-09","2008-12",80
3892,PICK UP (D22),"1997-01",,80
8053,PIXO (UA0),"2009-03",,80
4949,PRIMASTAR Bus (X83),"2001-03",,80
10593,PRIMASTAR Platform/Chassis (X83),"2002-07",,80
4965,PRIMASTAR Van (X83),"2002-09",,80
1202,PRIMERA (P10),"1990-06","1996-06",80
1899,PRIMERA (P11),"1996-06","2002-07",80
4833,PRIMERA (P12),"2002-01",,80
4834,PRIMERA Estate (WP12),"2002-01",,80
1223,PRIMERA Hatchback (P10),"1990-06","1996-06",80
1900,PRIMERA Hatchback (P11),"1996-06","2002-07",80
4941,PRIMERA Hatchback (P12),"2002-01",,80
1224,PRIMERA Traveller (W10),"1990-07","1998-03",80
3561,PRIMERA Traveller (WP11),"1996-06","2002-01",80
11365,PULSAR Hatchback (C13),"2014-10",,80
5616,"QASHQAI I (J10, NJ10)","2006-11","2015-01",80
11757,"QASHQAI II (J11, J11_)","2013-11",,80
10315,ROGUE,"2007-01","2015-12",80
6875,SENTRA V (B15),"1998-07","2007-12",80
7937,SENTRA VI (B16),"2006-09","2013-12",80
11513,SENTRA VII (B17),"2012-08",,80
1229,SERENA (C23),"1991-06","2001-09",80
2034,SILVIA (S110),"1979-01","1983-07",80
1546,SILVIA (S12),"1983-06","1988-12",80
8845,SILVIA (S15),"1999-09","2006-07",80
6927,SKYLINE Coupe (R32),"1989-03","1995-01",80
6929,SKYLINE Coupe (R33),"1993-07","2000-07",80
8546,STAGEA (WC34),"1996-09","2001-10",80
1450,STANZA (T11),"1981-08","1985-12",80
1206,STANZA Hatchback (T11),"1981-08","1985-12",80
1191,"SUNNY (140Y, 150Y)","1970-01","1982-02",80
1199,SUNNY I (B11),"1982-03","1990-12",80
3607,SUNNY I Coupe (B11),"1982-03","1990-08",80
1200,"SUNNY II (N13, B12)","1986-06","1992-10",80
1217,SUNNY II Coupe (B12),"1986-06","1992-06",80
1204,SUNNY II Hatchback (N13),"1986-06","1991-09",80
3473,"SUNNY III (N14, B13)","1990-05","1996-12",80
4010,SUNNY III Estate Van (Y10),"1990-11","2000-03",80
1214,SUNNY III Hatchback (N14),"1990-08","1995-07",80
1215,SUNNY III Liftback (N14),"1990-10","1995-10",80
3474,SUNNY III Traveller (Y10),"1990-11","2000-03",80
1216,SUNNY II Traveller (B12),"1986-01","1991-06",80
3472,SUNNY I Traveller (B11),"1982-03","1990-08",80
1210,"SUNNY Traveller (140Y, 150Y)","1979-06","1982-02",80
13057,"TEANA III (J33, L33)","2013-09",,80
1218,TERRANO I (WD21),"1986-07","1996-02",80
1226,TERRANO II (R20),"1992-10","2007-09",80
9837,TERRANO II Van (R20),"1998-06","2007-09",80
6937,TIIDA Hatchback (C11),"2004-05","2014-12",80
6452,TIIDA Saloon (SC11),"2004-05","2014-02",80
7612,TRADE Bus,"1996-06","2001-10",80
7614,TRADE Platform/Chassis,"1998-11","2004-09",80
7616,TRADE Platform/Chassis,"1996-06","2001-10",80
7619,TRADE Platform/Chassis,"1993-04","1998-10",80
7622,TRADE Platform/Chassis,"1986-11","1994-06",80
9538,TRADE Platform/Chassis,"1994-01","1998-12",80
7617,TRADE Van,"1996-06","2001-10",80
7621,TRADE Van,"1986-11","1993-03",80
7623,TRADE Van,"1993-04","1998-10",80
9537,TRADE Van,"1996-01","2000-12",80
1829,URVAN Bus (E23),"1980-07","1988-11",80
1222,URVAN Bus (E24),"1986-06","1997-05",80
2088,URVAN Van (E23),"1980-07","1998-11",80
4009,URVAN Van (E24),"1986-06","1997-05",80
1230,VANETTE Bus (C22),"1986-10","2013-06",80
1231,VANETTE Bus (KC120),"1981-06","1987-12",80
3545,VANETTE CARGO Bus (HC 23),"1994-04","2001-05",80
3543,VANETTE CARGO Van (HC 23),"1994-09","2002-05",80
4030,VANETTE Van (_C22),"1986-10","2013-06",80
7615,VANETTE Van (C120),"1981-07","1987-06",80
9622,XTERRA (N50),"2005-01",,80
4784,X-TRAIL I (T30),"2001-01","2013-12",80
6399,X-TRAIL II (T31),"2007-03","2018-12",80
12857,"X-TRAIL III (T32_, T32R, T32RR)","2013-10",,80
1736,"1000","1963-01","1972-12",81
1739,"1200","1969-09","1971-11",81
1735,PRINZ,"1961-08","1974-03",81
4062,RO 80,"1967-10","1977-07",81
3523,SPIDER,"1964-01","1968-12",81
1737,TT,"1965-07","1971-11",81
1738,TTS,"1967-02","1971-11",81
10731,ADAM (M13),"2012-10","2019-05",84
3482,ADMIRAL A,"1964-04","1969-03",84
1438,ADMIRAL B,"1969-03","1978-01",84
4474,AGILA A (H00),"2000-03","2007-12",84
6440,AGILA B (H08),"2008-04","2014-10",84
9204,AMPERA (R12),"2011-11","2015-03",84
5548,ANTARA A (L07),"2006-08","2017-08",84
9704,ARENA Bus (A97),"1997-01","2001-12",84
3544,ARENA Combi (A97),"1998-03","2001-08",84
9705,ARENA Van (A97),"1997-01","2001-12",84
3542,"ARENA Van (TB, TF)","1998-03","2001-08",84
357,"ASCONA A (81_, 86_, 87_, 88_)","1970-10","1975-08",84
1443,"ASCONA A Voyage (84_, 89_)","1970-10","1975-08",84
362,"ASCONA B (81_, 86_, 87_, 88_)","1975-09","1981-08",84
366,ASCONA C (J82),"1981-09","1988-10",84
371,ASCONA C Hatchback (J82),"1981-09","1988-08",84
4704,ASTRA F CLASSIC Estate (T92),"1998-01","2005-01",84
4703,ASTRA F CLASSIC Hatchback (T92),"1998-01","2002-08",84
4702,ASTRA F CLASSIC Saloon (T92),"1998-01","2002-08",84
380,ASTRA F Convertible (T92),"1993-03","2001-03",84
3440,ASTRA F Estate (T92),"1991-09","2001-01",84
4017,ASTRA F Estate Van (T92),"1991-10","1999-01",84
388,ASTRA F Hatchback (T92),"1991-09","2000-10",84
376,ASTRA F Saloon (T92),"1991-09","2001-01",84
4760,ASTRA G Convertible (T98),"2001-03","2005-10",84
4203,ASTRA G Coupe (T98),"2000-03","2006-06",84
3406,ASTRA G Estate (T98),"1998-02","2005-07",84
4583,ASTRA G Estate Van (F70),"1998-09","2005-04",84
3405,ASTRA G Hatchback (T98),"1998-02","2009-12",84
3878,ASTRA G Saloon (T98),"1998-03","2009-12",84
5098,ASTRA H (A04),"2004-01","2014-05",84
5145,ASTRA H Estate (A04),"2004-08","2014-05",84
9183,ASTRA H Estate Van (L70),"2004-02","2014-10",84
5209,ASTRA H GTC (A04),"2005-03","2010-10",84
7918,ASTRA H Saloon (A04),"2007-02","2014-05",84
5453,ASTRA H TwinTop (A04),"2005-09","2010-10",84
8261,ASTRA J (P10),"2009-09","2016-04",84
9628,ASTRA J GTC,"2011-10","2018-04",84
10351,ASTRA J Saloon,"2012-06",,84
9017,ASTRA J Sports Tourer (P10),"2010-10","2015-10",84
14508,ASTRA K (B16),"2015-06","2021-09",84
14870,ASTRA K Sports Tourer (B16),"2015-11","2021-12",84
442,CALIBRA A (C89),"1989-08","1997-07",84
1881,"CAMPO (TF0, TF1)","1987-08","2002-06",84
11177,CASCADA (W13),"2013-03","2019-04",84
4818,COMBO Box Body/MPV,"2001-10",,84
54,COMBO Box Body/MPV (71_),"1994-07","2001-10",84
10000,COMBO Box Body/MPV (X12),"2012-02",,84
4982,COMBO Tour,"2001-10","2011-12",84
10001,COMBO Tour (X12),"2012-02",,84
4036,COMMODORE A,"1967-08","1972-01",84
4037,COMMODORE A Coupe,"1967-08","1972-01",84
62,COMMODORE B,"1972-01","1978-07",84
58,COMMODORE B Coupe,"1972-01","1978-07",84
3436,"COMMODORE C (14_, 19_)","1978-08","1982-12",84
68,COMMODORE C Estate (61),"1980-12","1982-12",84
184,CORSA A Hatchback (S83),"1982-09","1993-03",84
1806,CORSA A Hatchback Van (S83),"1986-02","1994-09",84
181,CORSA A TR (S83),"1982-09","1993-03",84
189,CORSA B (S93),"1993-03","2009-10",84
4628,CORSA B Hatchback Van (S93),"1994-08","2001-12",84
4650,CORSA C (X01),"2000-09","2009-12",84
4820,CORSA C Hatchback Van (X01),"2000-09","2012-12",84
5598,CORSA D (S07),"2006-07","2015-04",84
9180,CORSA D Hatchback Van (S07),"2006-07","2014-08",84
13137,CORSA E (X15),"2014-09",,84
13635,CORSA E Hatchback Van (X15),"2014-09",,84
10506,CORSA UTILITY C Pickup,"2003-01","2012-12",84
1439,DIPLOMAT A,"1964-10","1969-03",84
1440,DIPLOMAT A Coupe,"1965-03","1967-10",84
1441,DIPLOMAT B,"1969-03","1978-08",84
3443,FRONTERA A (U92),"1992-03","1998-10",84
435,FRONTERA A Sport (U92),"1992-03","1998-10",84
3879,FRONTERA B (U99),"1998-09","2004-07",84
532,GT,"1968-09","1973-08",84
6388,GT Convertible (M07),"2007-06","2011-12",84
7581,INSIGNIA A (G09),"2008-07","2017-03",84
7582,INSIGNIA A Saloon (G09),"2008-07","2017-03",84
7861,INSIGNIA A Sports Tourer (G09),"2008-07","2017-03",84
1436,KADETT A,"1962-09","1965-08",84
1437,KADETT A Coupe,"1962-09","1965-08",84
1442,KADETT A Estate,"1963-03","1968-08",84
3435,KADETT B,"1965-09","1973-08",84
33,KADETT B Coupe,"1965-09","1973-08",84
3441,KADETT B Estate,"1965-09","1973-08",84
55,KADETT C,"1973-08","1979-07",84
45,KADETT C City,"1973-08","1979-07",84
50,KADETT C Coupe,"1973-08","1979-07",84
41,KADETT C Estate,"1973-08","1979-07",84
63,"KADETT D (31_-34_, 41_-44_)","1979-08","1984-08",84
5443,"KADETT D (32_,37_,39, _42)","1979-08","1984-08",84
3442,"KADETT D Estate (35_, 36_, 45_, 46_)","1979-08","1984-08",84
69,KADETT E (T85),"1984-09","1993-12",84
1830,KADETT E Combo (T85),"1986-01","1994-07",84
74,KADETT E Convertible (T85),"1986-10","1993-02",84
80,KADETT E Estate (T85),"1984-09","1991-08",84
4038,KADETT E Estate Van (T85),"1984-08","1993-09",84
85,KADETT E Hatchback (T85),"1984-09","1993-12",84
10220,KAPITÄN,"1955-05","1958-12",84
13108,KAPITÄN A,"1964-03","1968-12",84
1789,KAPITÄN P,"1958-05","1963-12",84
13827,KARL (C16),"2015-01","2019-03",84
250,"MANTA A (58_, 59_)","1970-09","1975-08",84
255,"MANTA B (58_, 59_)","1975-09","1988-08",84
259,"MANTA B CC (53_, 55_)","1975-09","1988-08",84
4926,MERIVA A MPV (X03),"2003-05","2010-05",84
8549,MERIVA B MPV (S10),"2010-06","2017-03",84
10264,MOKKA / MOKKA X (J13),"2012-06","2019-12",84
3684,MONTEREY A (M92),"1991-08","1998-07",84
3683,MONTEREY B (M98),"1998-07","1999-08",84
314,MONZA A (22_),"1978-02","1986-08",84
3995,MOVANO A Bus (X70),"1998-07",,84
3904,MOVANO A Platform/Chassis (X70),"1998-07",,84
3903,MOVANO A Van (X70),"1999-01",,84
9566,MOVANO B Bus (X62),"2010-12",,84
8978,MOVANO B Platform/Chassis (X62),"2010-05",,84
8977,MOVANO B Van (X62),"2010-05",,84
4040,OLYMPIA A,"1967-08","1971-08",84
4041,OLYMPIA A Coupe,"1967-08","1971-08",84
1788,OLYMPIA REKORD,"1953-03","1966-08",84
1791,OLYMPIA REKORD Estate,"1957-07","1960-12",84
354,OMEGA A (V87),"1986-09","1994-05",84
350,OMEGA A Estate (V87),"1986-09","1994-05",84
3466,OMEGA B (V94),"1994-03","2005-12",84
359,OMEGA B Estate (V94),"1994-03","2003-07",84
1810,REKORD A,"1963-01","1965-12",84
4035,REKORD A Coupe,"1963-01","1965-12",84
1811,REKORD B,"1965-01","1966-12",84
4043,REKORD B Coupe,"1965-08","1967-02",84
4042,REKORD B Estate,"1965-08","1967-03",84
51,REKORD C,"1966-08","1971-12",84
46,REKORD C Coupe,"1966-08","1971-12",84
42,REKORD C Estate,"1966-08","1971-12",84
64,REKORD D,"1972-01","1977-08",84
59,REKORD D Coupe,"1972-01","1977-08",84
56,REKORD D Estate,"1972-01","1977-08",84
75,"REKORD E (17_, 11_, 14_, 16_, 18_, 19_)","1977-08","1986-08",84
70,"REKORD E Estate (61_, 66_, 67_)","1977-08","1986-08",84
4031,REKORD P1,"1957-06","1961-09",84
4039,REKORD P1 Estate,"1957-07","1961-09",84
4032,REKORD P2,"1960-08","1963-01",84
4034,REKORD P2 Coupe,"1960-08","1963-01",84
4033,REKORD P2 Estate,"1960-08","1963-01",84
232,SENATOR A (29_),"1978-02","1987-08",84
237,SENATOR B (V88),"1987-09","1993-09",84
4956,SIGNUM Hatchback (Z03),"2003-05","2008-12",84
1579,SINTRA (APV),"1996-11","1999-04",84
4573,SPEEDSTER (E01),"2000-06","2006-08",84
3467,TIGRA (S93),"1994-07","2000-12",84
5153,TIGRA TwinTop (X04),"2004-06","2010-12",84
490,VECTRA A (J89),"1988-08","1995-12",84
3866,VECTRA A Hatchback (J89),"1988-04","1995-12",84
1454,VECTRA B (J96),"1995-09","2004-07",84
1578,VECTRA B Estate (J96),"1996-11","2003-07",84
1453,VECTRA B Hatchback (J96),"1995-09","2003-07",84
4865,VECTRA C (Z02),"2002-04","2009-01",84
5057,VECTRA C Estate (Z02),"2003-10","2009-01",84
4871,VECTRA C GTS (Z02),"2002-08","2009-01",84
4758,VIVARO A Bus (X83),"2001-08","2015-10",84
6712,VIVARO A Platform/Chassis (X83),"2001-02","2014-07",84
4757,VIVARO A Van (X83),"2001-08","2015-10",84
12812,VIVARO B Bus (X82),"2014-06","2019-12",84
14563,VIVARO B Platform/Chassis (X82),"2014-06","2019-12",84
12813,VIVARO B Van (X82),"2014-06","2020-11",84
5425,ZAFIRA / ZAFIRA FAMILY B (A05),"2005-07","2019-05",84
4044,ZAFIRA A MPV (T98),"1999-04","2006-06",84
9184,ZAFIRA B Box Body/MPV (A05),"2005-07","2015-04",84
9717,ZAFIRA TOURER C (P12),"2011-10","2019-03",84
5383,"1007 (KM_)","2005-04",,88
12488,"101",,,88
12489,"103",,,88
66,"104","1972-10","1988-06",88
72,"104 Coupe","1973-09","1988-06",88
12490,"105",,,88
77,"106 I (1A, 1C)","1991-08","1996-04",88
1559,"106 II (1A_, 1C_)","1996-04","2005-05",88
9967,"106 Van II Hatchback Van (1S_)","1996-04","2001-03",88
5414,"107 (PM_, PN_)","2005-06","2016-05",88
12825,"108","2014-05",,88
11219,"2008 I (CU_)","2013-03",,88
192,"204","1965-10","1977-12",88
1691,"204 Break","1967-01","1977-10",88
1693,"204 Convertible","1967-01","1970-10",88
1692,"204 Coupe","1967-07","1970-05",88
4634,"205 Hatchback Van","1990-08","1997-05",88
7625,"205 Hatchback Van","1983-02","1990-07",88
196,"205 I (741A/C)","1983-02","1987-10",88
200,"205 I Convertible (741B, 20D)","1986-03","1995-11",88
205,"205 II (20A/C)","1987-01","2000-12",88
8784,"206+ (2L_, 2M_)","2009-01","2013-08",88
4572,"206 CC (2D)","2000-09","2008-12",88
3555,"206 Hatchback (2A/C)","1998-08","2012-12",88
5615,"206 Saloon","2007-03",,88
4898,"206 SW (2E/K)","2002-07",,88
9836,"206 Van","1999-04","2009-03",88
5522,"207 (WA_, WC_)","2006-02","2015-12",88
5639,"207 CC (WD_)","2007-02","2015-01",88
8597,"207 Hatchback Van (WA_, WC_)","2006-04",,88
6433,"207 SW (WK_)","2007-02","2013-12",88
10164,"208 I (CA_, CC_)","2012-03","2021-06",88
7997,"3008 I MPV (0U_)","2009-05","2017-12",88
11198,"301","2012-11",,88
1694,"304 (_04M_)","1969-10","1979-10",88
3493,"304 Break (_04D_)","1970-09","1980-10",88
238,"304 Convertible (_04B_)","1970-03","1976-07",88
1695,"304 Coupe (_04C_)","1970-03","1975-04",88
252,"305 I (581A)","1977-10","1982-09",88
242,"305 I Break (581D)","1977-10","1982-09",88
257,"305 II (581M)","1982-10","1990-07",88
247,"305 II Break (581E)","1982-10","1990-07",88
273,"306 (7B, N3, N5)","1993-04","2003-10",88
3921,"306 Break (7E, N3, N5)","1994-06","2002-12",88
269,"306 Convertible (7D, N3, N5)","1994-01","2002-04",88
9979,"306 Estate Van (N_, 7_)","1993-07","2002-08",88
264,"306 Hatchback (7A, 7C, N3, N5)","1993-01","2003-10",88
4771,"307 (3A/C)","2000-08","2012-12",88
5113,"307 Break (3E)","2002-03","2009-12",88
5011,"307 CC (3B)","2003-03","2009-06",88
4882,"307 SW (3H)","2002-03","2009-12",88
7579,"308 CC (4B_)","2009-02","2015-12",88
6432,"308 I (4A_, 4C_)","2007-09","2016-12",88
11292,"308 II (LB_, LP_, LW_, LH_, L3_)","2013-09","2021-06",88
7376,"308 SW I (4E_, 4H_)","2007-09","2014-10",88
11791,"308 SW II (LC_, LJ_, LR_, LX_, L4_)","2014-03","2021-06",88
277,"309 I (10C, 10A)","1985-10","1989-12",88
3452,"309 II (3C, 3A)","1989-07","1993-12",88
6232,"4007 (VU_, VV_)","2007-02","2013-03",88
10268,"4008","2012-05",,88
1696,"404","1962-04","1971-12",88
1697,"404 Convertible","1963-04","1968-12",88
387,"405 I Break (15E)","1987-06","1992-08",88
400,"405 II (4B)","1992-01","1999-12",88
392,"405 II Break (4E)","1992-08","1998-10",88
1477,"406 (8B)","1995-08","2005-01",88
1901,"406 Break (8E/F)","1996-10","2004-10",88
1984,"406 Coupe (8C)","1997-03","2005-02",88
5099,"407 (6D_)","2004-02","2011-12",88
5460,"407 Coupe (6C_)","2005-10",,88
5123,"407 SW (6E_, 6D_)","2004-05","2011-12",88
9128,"408","2010-02",,88
8182,"5008 (0U_, 0E_)","2009-06","2017-03",88
10934,"504","1968-01","2005-09",88
441,"504 (A_, M_)","1968-07","1986-07",88
1698,"504 Break (D_, F_)","1971-04","1986-07",88
4552,"504 Convertible","1974-10","1984-08",88
4551,"504 Coupe","1968-12","1984-08",88
10917,"504 Pickup","1987-05","2000-12",88
1497,"504 Pickup (E_)","1980-01","1999-12",88
445,"505 (551A)","1979-05","1996-10",88
3922,"505 Break (551D)","1982-03","1995-11",88
9012,"508 I (8D_)","2010-11","2018-12",88
9013,"508 SW I (8E_)","2010-11","2018-12",88
477,"604 (561A_)","1975-09","1987-07",88
481,"605 (6B)","1989-06","1999-09",88
4351,"607 (9D, 9U)","2000-01",,88
49,"806 (221)","1994-06","2002-08",88
4897,"807 (EB_)","2002-06",,88
6737,BIPPER (AA_),"2008-02",,88
8144,BIPPER TEPEE,"2008-04",,88
5612,BOXER Bus,"2005-09",,88
406,BOXER Bus (230P),"1994-03","2009-12",88
4891,"BOXER Bus (244, Z_)","2001-12",,88
5614,BOXER Platform/Chassis,"2006-04",,88
4907,BOXER Platform/Chassis (244),"2001-12",,88
4055,BOXER Platform/Chassis (ZCT_),"1994-03","2002-04",88
5613,BOXER Van,"2006-04",,88
1909,BOXER Van (230L),"1994-03","2006-08",88
4892,BOXER Van (244),"2001-12",,88
12491,BUXY,,,88
12492,CITYSTAR,,,88
14510,DJANGO,,,88
12493,ELYSEO,,,88
12494,ELYSTAR,,,88
1550,EXPERT (224_),"1995-10","2006-12",88
5644,EXPERT Platform/Chassis,"2007-01",,88
1963,EXPERT Platform/Chassis (223),"1995-12","2006-12",88
5642,EXPERT TEPEE (VF3X_),"2007-01",,88
1962,EXPERT Van (222),"1995-07","2008-03",88
5643,"EXPERT Van (VF3A_, VF3U_, VF3X_)","2007-01",,88
12495,FOX,,,88
12496,GEOPOLIS,,,88
9011,ION,"2010-11",,88
5,J5 Bus (280P),"1981-09","1990-09",88
1964,J5 Bus (290P),"1990-09","1994-02",88
1965,J5 Platform/Chassis (280L),"1981-09","1990-09",88
1703,J5 Platform/Chassis (290L),"1990-09","1994-02",88
1702,J5 Van (280L),"1981-09","1990-09",88
1966,J5 Van (290L),"1990-09","1994-03",88
4555,J7 Bus,"1968-08","1980-03",88
4556,J7 Platform/Chassis,"1968-08","1980-03",88
1498,J7 Van,"1968-08","1980-03",88
4557,J9 Bus,"1980-03","1987-06",88
4558,J9 Platform/Chassis,"1980-03","1987-06",88
1499,J9 Van,"1980-03","1987-06",88
12497,JETFORCE,,,88
12498,KISBEE,,,88
12499,LOOXOR,,,88
12500,LUDIX,,,88
13452,LXR,,,88
13451,METROPOLIS,,,88
13450,MISTRAL,,,88
12501,NK7,,,88
6739,PARTNER Box Body/MPV,"2008-04",,88
1911,"PARTNER Box Body/MPV (5_, G_)","1996-06",,88
1961,"PARTNER MPV (5_, G_)","1996-05",,88
9762,PARTNER Platform/Chassis,"2009-01",,88
6738,PARTNER TEPEE,"2008-04",,88
13603,RAPIDO,,,88
8256,RCZ,"2010-03","2015-12",88
12502,SATELIS,,,88
12503,SC,,,88
12504,SCOPER,,,88
12505,SPEEDAKE,,,88
12506,SPEEDFIGHT,,,88
12507,SQUAB,,,88
12508,SUM-UP,,,88
12509,SV,,,88
12510,TKR,,,88
12511,TREKKER,,,88
12512,TWEET,,,88
12513,V-CLIC,,,88
12514,VIVACITY,,,88
12515,VOGUE,,,88
14359,VOX,,,88
12516,XP6,,,88
12517,XPS,,,88
12518,XR6,,,88
12519,XR7,,,88
12520,ZENITH,,,88
1871,"356 Cabriolet/Speedster","1950-01","1965-12",92
1870,"356 Coupe","1947-09","1968-03",92
134,"911","1963-01","1990-11",92
150,"911 (964)","1988-12","1993-09",92
9721,"911 (991)","2011-05","2020-12",92
160,"911 (993)","1993-10","1997-09",92
2033,"911 (996)","1997-08","2005-09",92
5141,"911 (997)","2004-07","2013-12",92
2075,"911 Convertible","1982-08","1989-08",92
155,"911 Convertible (964)","1989-05","1994-06",92
10125,"911 Convertible (991)","2012-03","2020-05",92
3470,"911 Convertible (993)","1994-07","1997-12",92
3549,"911 Convertible (996)","1997-08","2005-08",92
5411,"911 Convertible (997)","2005-04","2013-12",92
11243,"911 Speedster (964)","1992-08","1994-06",92
145,"911 Targa","1964-11","1990-11",92
11242,"911 Targa (964)","1988-12","1993-09",92
12754,"911 Targa (991)","2014-05","2019-12",92
1887,"911 Targa (993)","1994-01","1997-09",92
4860,"911 Targa (996)","2001-12","2005-08",92
7586,"911 Targa (997)","2006-07","2012-12",92
1875,"912","1965-01","1970-02",92
1874,"912 Targa","1965-03","1970-02",92
4667,"914","1969-01","1976-02",92
11740,"918 Spyder","2013-11",,92
165,"924","1975-11","1989-08",92
169,"928","1977-09","1995-11",92
208,"944","1981-06","1991-07",92
212,"944 Convertible","1988-12","1991-07",92
1869,"959","1986-01","1991-04",92
239,"968","1991-06","1995-11",92
234,"968 Convertible","1991-06","1995-11",92
10119,BOXSTER (981),"2012-04","2016-12",92
1560,BOXSTER (986),"1996-09","2004-12",92
5208,BOXSTER (987),"2004-06","2013-12",92
14105,BOXSTER Spyder (981),"2015-01","2016-05",92
4989,CARRERA GT (980),"2003-07","2006-12",92
8741,CAYENNE (92A),"2010-05","2018-05",92
4899,CAYENNE (9PA),"2002-05","2010-12",92
10864,CAYMAN (981),"2013-03","2016-12",92
5451,CAYMAN (987),"2005-11","2013-12",92
11790,MACAN (95B),"2014-02",,92
8263,PANAMERA (970),"2009-03","2017-12",92
4071,"10 (119_)","1966-05","1972-10",93
466,"11 (B/C37_)","1983-03","1995-09",93
4205,"11 Hatchback Van (S37_)","1983-03","1989-07",93
471,"12 (117_)","1969-10","1984-12",93
4221,"12 Estate Van","1975-07","1983-02",93
3451,"12 Variable (117_, 133_)","1970-08","1983-12",93
479,"14 (121_)","1976-05","1983-12",93
4072,"15 (130_)","1971-09","1980-10",93
484,"16 (115_)","1965-09","1980-08",93
4073,"17","1972-03","1980-10",93
489,"18 (134_)","1978-04","1994-11",93
4206,"18 Estate Van","1979-05","1986-07",93
494,"18 Variable (135_)","1979-02","1994-11",93
501,"19 I (B/C53_)","1988-01","1994-09",93
4202,"19 I Cabriolet (D53_)","1991-07","1992-04",93
506,"19 I Chamade (L53_)","1988-01","1992-12",93
4214,"19 I Hatchback Van (S53_)","1988-01","1992-12",93
511,"19 II (B/C53_)","1991-01","2001-06",93
498,"19 II Cabriolet (D53_, 853_)","1992-04","2001-06",93
515,"19 II Chamade (L53_)","1992-04","2003-08",93
4215,"19 II Hatchback Van (S53_)","1992-03","1995-12",93
519,"20 (127_)","1975-10","1983-12",93
3450,"21 (B48_)","1989-07","1994-06",93
533,"21 Estate (K48_)","1986-03","1997-07",93
4216,"21 Estate Van (S48_)","1986-06","1995-04",93
528,"21 Saloon (L48_)","1986-03","1997-07",93
537,"25 (B29_)","1984-04","1993-12",93
542,"30 (127_)","1975-02","1986-03",93
547,"4 (112_)","1962-04","1993-12",93
551,"4 Box Body/MPV (R21_, R23_)","1966-09","1993-12",93
556,"5 (122_)","1972-01","1985-12",93
4217,"5 Hatchback Van (238_)","1972-01","1985-12",93
2028,"6 (118_)","1969-10","1987-04",93
8264,"7 (124_)","1975-03","1982-12",93
4070,"8 (113_)","1962-11","1976-12",93
565,"9 (L42_)","1981-09","1997-02",93
4817,AVANTIME (DE0_),"2001-09","2003-05",93
11232,"CAPTUR I (J5_, H5_)","2013-06",,93
21,"CLIO I (B/C57_, 5/357_)","1990-05","1999-08",93
4218,CLIO I Hatchback Van (S57_),"1991-01","1998-09",93
3508,"CLIO II (BB_, CB_)","1998-03","2016-12",93
4790,CLIO II Hatchback Van (SB0/1/2_),"1998-09",,93
5462,"CLIO III (BR0/1, CR0/1)","2005-01","2014-12",93
6446,CLIO III Grandtour (KR0/1_),"2007-11","2014-12",93
11387,"CLIO III Hatchback Van (SB_, SR_)","2005-06",,93
10852,CLIO IV (BH_),"2012-11","2021-08",93
10870,CLIO IV Sport Tourer (KH_),"2012-11","2021-08",93
13521,DAUPHINE,"1956-03","1969-12",93
10319,DUSTER (HS_),"2011-01",,93
381,ESPACE I (J11_),"1984-07","1992-12",93
384,ESPACE II (J/S63_),"1991-01","1997-10",93
1896,ESPACE III (JE0_),"1996-11","2002-10",93
4932,ESPACE IV (JK0/1_),"2002-11","2015-12",93
13882,ESPACE V (JR_),"2015-02","2023-03",93
3894,ESTAFETTE (213_),"1962-02","1981-12",93
17,"EXPRESS Box Body/MPV (F40_, G40_)","1985-07","2001-11",93
10897,EXPRESS Pickup,"1995-07","1999-10",93
8179,FLUENCE (L3_),"2010-02",,93
439,FUEGO (136_),"1980-02","1992-11",93
5133,GRAND SCÉNIC II (JM0/1_),"2004-04","2009-06",93
8148,GRAND SCÉNIC III (JZ0/1_),"2009-02","2016-09",93
13881,"KADJAR (HA_, HL_)","2015-06",,93
6447,KANGOO / GRAND KANGOO II (KW0/1_),"2008-02",,93
3404,KANGOO (KC0/1_),"1997-08",,93
7865,KANGOO BE BOP (KW0/1_),"2009-02",,93
3520,KANGOO Express (FC0/1_),"1997-08",,93
6453,KANGOO Express (FW0/1_),"2008-02",,93
6735,KOLEOS I (HY_),"2008-09",,93
7528,LAGUNA Coupe (DT0/1),"2008-09","2015-12",93
157,"LAGUNA I (B56_, 556_)","1993-11","2002-08",93
1478,LAGUNA I Grandtour (K56_),"1995-09","2002-08",93
4723,LAGUNA II (BG0/1_),"2001-03","2007-12",93
4724,LAGUNA II Grandtour (KG0/1_),"2001-03","2007-12",93
6430,LAGUNA III (BT0/1),"2007-10","2015-12",93
6431,LAGUNA III Grandtour (KT0/1),"2007-10","2015-12",93
8925,LATITUDE (L70_),"2010-07",,93
13775,LOGAN/STEPWAY II (L8_),"2012-09",,93
6734,LOGAN I (LS_),"2004-09",,93
7364,LOGAN I Estate (KS_),"2007-04",,93
13776,LOGAN II Estate (K8_),"2013-11",,93
4468,MASTER I Bus (T__),"1980-08","1998-07",93
3952,MASTER II Bus (JD),"1997-12","2010-01",93
9698,MASTER III Bus (JV),"2011-02",,93
8750,"MASTER III Platform/Chassis (EV, HV, UV)","2010-02",,93
8602,MASTER III Van (FV),"2010-02",,93
3902,MASTER II Platform/Chassis (ED/HD/UD),"1997-12","2013-03",93
3901,MASTER II Van (FD),"1997-12","2013-12",93
4464,MASTER I Platform/Chassis (P__),"1980-07","1998-07",93
1018,MASTER I Van (T__),"1980-07","1998-07",93
8578,MEGANE CC (EZ0/1_),"2010-06","2015-08",93
1479,MEGANE I (BA0/1_),"1995-08","2004-12",93
1902,MEGANE I Cabriolet (EA0/1_),"1996-10","2003-08",93
1561,MEGANE I Classic (LA0/1_),"1996-09","2008-08",93
1488,MEGANE I Coach (DA0/1_),"1996-03","2003-08",93
4084,MEGANE I Grandtour (KA0/1_),"1999-03","2003-08",93
4940,"MEGANE II (BM0/1_, CM0/1_)","2001-07","2012-10",93
5071,MEGANE II Coupé-Cabriolet (EM0/1_),"2003-09","2010-03",93
5073,MEGANE II Estate (KM0/1_),"2003-08","2012-08",93
7867,MEGANE III Coupe (DZ0/1_),"2008-11","2016-09",93
8145,MEGANE III Grandtour (KZ0/1),"2008-11","2016-01",93
7866,"MEGANE III Hatchback (BZ0/1_, B3_)","2008-11",,93
5072,MEGANE II Saloon (LM0/1_),"2003-08",,93
14908,MEGANE IV Hatchback (B9A/M/N_),"2015-11",,93
1562,MEGANE Scénic (JA0/1_),"1996-10","2001-12",93
5213,MODUS / GRAND MODUS (F/JP0_),"2004-09","2013-12",93
4226,RODEO 4 (ACL_),"1971-08","1981-11",93
4225,"RODEO 5 (4D_, 5E_)","1981-07","1987-12",93
4224,RODEO 6 (ACL_),"1970-05","1981-11",93
186,SAFRANE I (B54_),"1992-04","1997-10",93
3893,SAFRANE II (B54_),"1996-07","2000-12",93
13777,SANDERO/STEPWAY II (B8_),"2013-11",,93
5020,SCÉNIC II (JM0/1_),"2003-06","2010-07",93
8147,SCÉNIC III (JZ0/1_),"2008-12","2016-09",93
4685,"SCÉNIC I MPV (JA0/1_, FA0_)","1999-08","2010-07",93
3377,SPORT SPIDER (EF0_),"1995-03","1999-10",93
560,SUPER 5 (B/C40_),"1984-10","1996-12",93
4219,SUPER 5 Hatchback Van (S40_),"1984-10","1996-12",93
11776,TALISMAN (LP_),"2015-06","2022-03",93
4875,THALIA I (LB_),"1998-02","2009-02",93
9202,THALIA II (LU_),"2008-09","2014-06",93
428,"TRAFIC Bus (T_, P_, V_)","1980-03","1989-04",93
3981,"TRAFIC Bus (T_, P_, V_)","1989-03","2001-03",93
4752,TRAFIC II Bus (JL),"2001-03",,93
13080,TRAFIC III Bus (JG_),"2014-05",,93
14676,TRAFIC III Platform/Chassis (EG_),"2014-05",,93
12792,TRAFIC III Van (FG_),"2014-05",,93
5559,TRAFIC II Platform/Chassis (EL),"2001-03",,93
4753,TRAFIC II Van (FL),"2001-03",,93
4446,"TRAFIC Platform/Chassis (T_, P_, V_)","1989-03","2001-03",93
4447,"TRAFIC Platform/Chassis (T_, P_, V_)","1980-03","1989-04",93
1908,"TRAFIC Van (T_, P_, V_)","1980-03","1989-04",93
3501,"TRAFIC Van (T_, P_, V_)","1989-03","2002-10",93
472,TWINGO I (C06_),"1993-03","2012-10",93
4227,TWINGO I Hatchback Van (S06_),"1993-03","2012-06",93
5611,TWINGO II (CN0_),"2007-03","2014-09",93
13195,"TWINGO III (BCM_, BCA_)","2014-09","2024-07",93
10186,TWIZY (MAM_),"2012-04",,93
4862,VEL SATIS (BJ0_),"2002-06","2009-08",93
8577,WIND (E4M_),"2010-07","2013-08",93
10269,ZOE (BFM_),"2012-06",,93
94,"100 / METRO Hatchback (XP)","1989-11","1998-12",95
100,"100 Convertible (XP)","1994-04","1998-12",95
132,"2000-3500 (P6)","1963-09","1977-10",95
126,"2000-3500 Hatchback (SD1)","1976-06","1986-10",95
3454,"200 Coupe (XW)","1992-10","1999-06",95
116,"200 II Convertible (XW)","1990-04","1999-11",95
1484,"200 II Hatchback (RF)","1995-11","2000-11",95
110,"200 II Hatchback (XW)","1989-10","1995-12",95
104,"200 I Saloon (XH)","1984-09","1989-09",95
4604,"25 I Hatchback (RF)","1999-09","2006-06",95
1563,"400 II (RT)","1995-03","2000-03",95
137,"400 II (XW)","1990-04","1995-04",95
1318,"400 II Hatchback (RT)","1995-05","2000-03",95
142,"400 Tourer (XW)","1993-09","1998-11",95
4603,"45 I Hatchback (RT)","2000-02","2005-05",95
4613,"45 I Saloon (RT)","2000-02","2005-05",95
3930,"600 I (RH)","1993-08","2000-10",95
3989,"75 (RJ)","1999-02","2005-10",95
4772,"75 I Tourer (RJ)","2001-08","2006-06",95
163,"800 (XS)","1986-10","1999-02",95
152,"800 Coupe","1992-08","1999-02",95
158,"800 Hatchback (XS)","1986-10","1999-02",95
4443,A60 CAMBRIDGE,"1962-01","1969-10",95
5159,CITYROVER Hatchback,"2003-09","2005-12",95
4452,COUPE,"1996-03","1999-11",95
4364,MAESTRO Hatchback,"1990-09","1995-01",95
1883,MINI Convertible (XN),"1992-09","2001-05",95
167,MINI Hatchback,"1990-08","2001-05",95
11173,MINI-MOKE,"1986-09","1993-09",95
4470,MONTEGO,"1985-02","1995-10",95
1882,MONTEGO Estate (XE),"1984-10","1993-12",95
5081,STREETWISE Hatchback,"2003-08","2005-05",95
8502,"600","1980-01","1986-12",99
73,"90","1984-08","1987-08",99
129,"9000","1985-04","1998-12",99
124,"9000 Hatchback","1984-09","1998-12",99
107,"900 I (AC4, AM4)","1979-01","1993-12",99
102,"900 I Combi Coupe","1978-06","1994-06",99
97,"900 I Convertible","1985-10","1994-12",99
119,"900 II","1993-07","1999-04",99
113,"900 II Convertible","1993-09","1999-04",99
1835,"900 II Coupe","1993-12","1999-04",99
3547,"9-3 (YS3D)","1998-02","2003-08",99
4923,"9-3 (YS3F, E79, D79, D75)","2002-09","2015-02",99
3548,"9-3 Cabriolet (YS3D)","1998-02","2003-08",99
5078,"9-3 Convertible (YS3F)","2003-08","2015-02",99
5412,"9-3 Estate (E50)","2005-03","2015-02",99
8047,"9-3X (YS3)","2009-02","2015-02",99
2045,"9-5 (YS3E)","1997-09","2009-12",99
8645,"9-5 (YS3G)","2010-01","2012-01",99
3591,"9-5 Estate (YS3E)","1998-10","2009-12",99
1834,"95 Station Wagon","1960-02","1978-12",99
1833,"96","1960-09","1980-08",99
5606,"9-7X","2004-06","2012-07",99
243,"99","1967-11","1987-07",99
2059,"99 Combi Coupe","1968-08","1987-01",99
5040,"124","1968-01","1980-10",104
5041,"124 Estate (124A)","1970-01","1976-12",104
5037,"127 (127A)","1972-04","1982-12",104
5045,"128 (128A)","1976-01","1980-12",104
2029,"131 (131A)","1975-05","1986-12",104
5043,"132 (132A)","1973-01","1982-12",104
159,"133 (133A)","1974-05","1979-11",104
468,"600 (110B)","1963-09","1970-04",104
5038,"850 (100GD)","1966-01","1975-10",104
9009,"ALHAMBRA (710, 711)","2010-06","2022-12",104
1564,"ALHAMBRA (7V8, 7V9)","1996-04","2010-03",104
5111,ALTEA (5P1),"2004-03","2015-12",104
6236,"ALTEA XL (5P5, 5P8)","2006-10","2015-12",104
1903,AROSA (6H1),"1997-05","2004-06",104
93,"CORDOBA (6K1, 6K2)","1993-02","2002-12",104
4961,CORDOBA (6L2),"2002-09","2009-11",104
1992,CORDOBA Vario (6K5),"1996-07","2002-12",104
8032,EXEO (3R2),"2008-12","2013-05",104
8095,EXEO ST (3R5),"2009-05","2013-05",104
443,FURA (25A),"1982-01","1986-12",104
564,IBIZA I (21A),"1984-06","1993-12",104
569,IBIZA II (6K1),"1993-03","2002-05",104
4870,IBIZA III (6L1),"2002-02","2009-11",104
7540,"IBIZA IV (6J5, 6P1)","2008-03","2017-12",104
7567,"IBIZA IV SC (6J1, 6P5)","2008-06","2018-12",104
8609,"IBIZA IV ST (6J8, 6P8)","2010-03","2016-07",104
1551,INCA (6K9),"1995-11","2003-11",104
4350,LEON (1M1),"1999-11","2006-06",104
5431,LEON (1P1),"2005-05","2013-12",104
10734,LEON (5F1),"2012-09","2021-05",104
11279,LEON SC (5F5),"2013-01","2018-12",104
11484,LEON ST (5F8),"2012-09","2020-08",104
245,MALAGA (23A),"1984-11","1993-12",104
262,MARBELLA (28A),"1986-08","1999-05",104
1960,MARBELLA Hatchback Van (028A),"1986-11","1999-05",104
10094,"Mii (KF1, KE1)","2011-10",,104
5035,PANDA (141A),"1980-10","1986-12",104
5036,RITMO (138),"1978-07","1983-09",104
91,RONDA (22A),"1982-06","1988-11",104
382,TERRA (24),"1987-01","1996-12",104
386,TERRA Estate Van (024A),"1987-01","1996-02",104
409,TOLEDO I (1L2),"1991-01","1999-10",104
3899,TOLEDO II (1M2),"1998-10","2006-05",104
5378,TOLEDO III (5P2),"2004-04","2009-05",104
10880,TOLEDO IV (KG3),"2012-07","2019-04",104
268,"100","1970-01","1977-12",106
1814,"1000MB (710, 990)","1964-09","1970-01",106
272,"105,120 (742)","1976-08","1990-12",106
3992,"105,120 (744)","1983-02","1990-12",106
1816,"110","1969-12","1982-03",106
3993,"1100MB (715)","1969-01","1970-01",106
2085,"110 Coupe","1970-07","1982-03",106
1817,"130","1985-02","1991-10",106
10126,CITIGO (NF1),"2011-10","2019-08",106
4383,FABIA I (6Y2),"1999-08","2008-03",106
4727,FABIA I Combi (6Y5),"2000-04","2007-12",106
6363,FABIA II (542),"2006-12","2014-12",106
6395,FABIA II Combi (545),"2007-10","2014-12",106
13331,FABIA III (NJ3),"2014-08","2021-06",106
13332,FABIA III Estate (NJ5),"2014-08","2022-12",106
5009,FABIA I Praktik (6Y5),"2000-01","2007-12",106
4777,FABIA I Saloon (6Y3),"1999-10","2007-12",106
398,FAVORIT (781),"1989-05","1994-09",106
426,FAVORIT Forman (785),"1988-06","1995-06",106
4074,FAVORIT Pickup (787),"1992-06","1997-06",106
1319,FELICIA I (6U1),"1994-10","1998-03",106
1480,FELICIA I Estate (6U5),"1995-07","1998-03",106
4075,FELICIA II (6U1),"1998-01","2001-06",106
4076,FELICIA II Estate (6U5),"1995-07","2001-06",106
3994,"FELICIA I Pickup (6UF, 6U7)","1995-10","2002-04",106
1815,OCTAVIA,"1959-04","1971-10",106
1904,OCTAVIA I (1U2),"1996-09","2010-12",106
3560,OCTAVIA I Combi (1U5),"1998-07","2010-12",106
5120,OCTAVIA II (1Z3),"2004-02","2013-06",106
5162,OCTAVIA II Combi (1Z5),"2004-02","2013-06",106
11195,"OCTAVIA III (5E3, NL3, NR3)","2012-11","2021-03",106
11196,"OCTAVIA III Combi (5E5, 5E6)","2012-11","2020-10",106
23,"RAPID (120G, 130G, 135G)","1983-02","1991-10",106
10587,"RAPID (NH3, NK3, NK6)","2012-07","2022-03",106
11519,RAPID Spaceback (NH1),"2012-07","2019-12",106
5507,ROOMSTER (5J7),"2006-03","2015-05",106
6412,ROOMSTER Praktik (5J),"2007-03","2015-05",106
4837,SUPERB I (3U4),"2001-12","2008-03",106
7588,SUPERB II (3T4),"2008-03","2015-05",106
8495,SUPERB II Estate (3T5),"2009-10","2015-05",106
14018,SUPERB III (3V3),"2015-03","2024-06",106
14382,SUPERB III Estate (3V5),"2015-03","2024-06",106
8486,YETI (5L),"2009-05","2017-12",106
10265,BRZ (ZC6),"2012-06",,107
2048,FORESTER (SF_),"1997-03","2002-09",107
4953,FORESTER (SG_),"2002-02","2012-12",107
7995,FORESTER (SH_),"2007-12",,107
11171,FORESTER (SJ_),"2012-11",,107
1489,IMPREZA Coupe (GFC),"1993-01","2000-12",107
3476,IMPREZA Estate (GF),"1992-08","2000-12",107
4720,IMPREZA Estate (GG),"2000-10","2008-12",107
11267,IMPREZA Hatchback (GP_),"2011-10",,107
7592,"IMPREZA Hatchback (GR, GH, G3)","2007-03","2014-05",107
1291,IMPREZA Saloon (GC),"1992-08","2001-09",107
4719,IMPREZA Saloon (GD),"1999-09","2009-06",107
9122,"IMPREZA Saloon (GE, GV)","2007-01",,107
1285,JUSTY I (KAD),"1984-11","1996-08",107
1472,"JUSTY II (JMA, MS)","1995-10","2003-11",107
5058,JUSTY III (G3X),"2003-09",,107
7906,JUSTY IV,"2007-01",,107
1289,LEGACY I (BC),"1989-01","1995-12",107
1282,"LEGACY I Estate (BC, BF, BJ)","1989-01","1994-08",107
1281,LEGACY II (BD),"1994-01","1999-10",107
4024,LEGACY II Estate (BG),"1994-02","1999-12",107
4081,LEGACY III (BE),"1998-10","2003-08",107
4080,LEGACY III Estate (BH),"1998-10","2003-08",107
5060,LEGACY IV (BL),"2003-09","2015-12",107
5061,LEGACY IV Estate (BP),"2003-09","2009-12",107
7951,LEGACY OUTBACK (BG),"1996-01","1999-12",107
8279,LEGACY V (BM),"2009-05",,107
8280,LEGACY V Estate (BR),"2008-06","2014-12",107
14082,LEGACY VI (BN),"2015-01",,107
10141,LEONE Hatchback,"1985-01","1989-12",107
1286,LEONE II Estate,"1978-09","1984-12",107
1280,LEONE II Hatchback,"1979-03","1984-10",107
1288,LEONE III,"1984-11","1994-12",107
1284,LEONE III Estate,"1983-09","1994-12",107
1287,LEONE II Saloon (AB),"1979-03","1984-10",107
14083,LEVORG,"2015-03",,107
1290,"LIBERO Bus (E10, E12)","1983-01","2000-02",107
4561,M70/80  ,"1989-06","1992-03",107
5493,MV (AS_),"1978-06","1994-12",107
4866,OUTBACK (BH),"1998-10","2003-08",107
5059,OUTBACK (BP),"2003-09","2010-06",107
8278,OUTBACK (BR),"2009-06",,107
13301,OUTBACK (BS),"2014-10",,107
4559,REX I,"1972-07","1981-08",107
4560,REX II,"1981-08","1989-06",107
4023,SVX (CX),"1992-09","1997-12",107
9572,TREZIA,"2010-11",,107
5429,TRIBECA (B9),"2005-01",,107
3527,VIVIO,"1992-03","2000-04",107
14653,WRX Saloon (GJ),"2011-07",,107
1283,XT Coupe (XT),"1984-11","1991-12",107
10158,XV (_GP_),"2011-09","2017-12",107
12611,A,,,109
12612,ADDRESS,,,109
12613,AH,,,109
1234,ALTO I (0S),"1979-03","1984-08",109
1233,ALTO II,"1984-09","1988-12",109
14099,ALTO III (EC),"1988-12","1994-08",109
1244,"ALTO IV (EF, SH410_)","1993-10","2002-06",109
14098,"ALTO V (HA12_, HA23_, HA22_)","1997-10","2014-09",109
4900,"ALTO VI (FF, HA24_)","2002-06","2009-12",109
8024,"ALTO VII (GF, HA25_, HA35_)","2009-01",,109
12614,AN,,,109
12619,AN BURGMAN,,,109
12615,AP,,,109
12616,AY,,,109
1325,BALENO (EG),"1995-03","2009-12",109
1565,BALENO Estate (EG),"1995-04","2005-04",109
1324,BALENO Hatchback (EG),"1995-03","2002-05",109
12618,B-KING,,,109
14064,BOULEVARD,,,109
12040,C,,,109
4302,CAPPUCCINO (EE),"1992-02","1998-08",109
1235,CARRY Van (0S),"1979-10","1985-10",109
4582,CARRY Van (FD),"1999-02",,109
13151,CELERIO (LF),"2014-02",,109
12620,CP,,,109
12621,DL,,,109
12622,DR,,,109
12623,DR-Z,,,109
12624,GLADIUS,,,109
12625,GN,,,109
12626,GR,,,109
4097,"GRAND VITARA I (FT, HT)","1998-03","2008-08",109
5489,"GRAND VITARA II (JT, TE, TD)","2005-04",,109
14518,GRAND VITARA I Open Off-Road Vehicle (GT),"1998-03","2005-09",109
12627,GS,,,109
12617,GSF BANDIT,,,109
12628,GSR,,,109
12629,GSX,,,109
12630,GSX-R (124cc - 750cc),,,109
14300,GSX-S,,,109
14448,GT,,,109
12631,GZ,,,109
4732,IGNIS I (FH),"2000-10","2005-12",109
5064,IGNIS II (MH),"2003-08",,109
12632,INAZUMA,,,109
13994,INTRUDER,,,109
3972,JIMNY Closed Off-Road Vehicle (SN),"1998-07",,109
14066,KATANA,,,109
8992,KIZASHI (FR),"2010-10",,109
4890,"LIANA (ER, RH_)","2001-10",,109
1236,LJ80 (OL),"1977-11","1984-01",109
12633,LS,,,109
12634,M,,,109
13780,MARUTI,"1983-02","2013-12",109
12041,RE 5,,,109
12635,RF,,,109
12636,RG,,,109
12637,RGV,,,109
13429,RV,,,109
1241,SAMURAI Closed Off-Road Vehicle (SJ_),"1984-09","2004-12",109
12638,SIXTEEN,,,109
3574,SJ410,"1979-09","1991-07",109
1238,SJ410 Cabrio (OS),"1981-09","1991-07",109
1242,SJ413 (OS),"1984-09","1991-03",109
7527,SPLASH (EX),"2008-01",,109
12639,SR,,,109
1243,SUPER CARRY Bus (ED),"1985-07","1999-03",109
12640,SV,,,109
1240,SWIFT Convertible (SF413),"1991-09","1996-10",109
3973,SWIFT I (AA),"1983-10","1989-12",109
1232,"SWIFT II Hatchback (EA, MA)","1989-03","2005-12",109
5474,"SWIFT III (MZ, EZ)","2005-02",,109
1239,"SWIFT II Saloon (AH, AJ)","1989-03","2001-05",109
8994,"SWIFT IV (FZ, NZ)","2010-10",,109
5566,"SX4 (EY, GY)","2006-06",,109
8005,"SX4 Saloon (GY, RW)","2007-10",,109
11477,SX4 S-CROSS (JY),"2013-08",,109
12641,TL,,,109
12642,TR,,,109
12643,TS,,,109
12644,TU,,,109
12645,UC,,,109
12646,UE,,,109
12647,UF,,,109
12648,UH,,,109
12649,UX,,,109
12650,VANVAN,,,109
1237,"VITARA (ET, TA, TD)","1988-07","2002-12",109
10222,VITARA (ET),"2003-12","2005-12",109
13638,VITARA (LY),"2015-02",,109
1880,"VITARA Cabrio (ET, TA)","1988-07","2002-10",109
10223,VITARA Cabrio (ET),"2002-01","2005-12",109
12651,VL,,,109
12652,VS,,,109
12653,VX,,,109
12654,VZ,,,109
4666,WAGON R+ (MA),"1999-05",,109
3403,WAGON R+ Hatchback (EM),"1997-10","2000-10",109
1481,X-90 (EL),"1995-09","1997-12",109
12655,XF,,,109
144,"1307-1510","1975-07","1984-04",110
1804,"160","1973-01","1979-03",110
1805,"180","1972-06","1982-12",110
3923,AVENGER,"1970-02","1981-07",110
3498,AVENGER Estate,"1972-04","1981-07",110
559,HORIZON,"1978-02","1986-06",110
1802,MATRA BAGHEERA,"1974-01","1980-09",110
327,MURENA,"1980-09","1985-01",110
3,RANCHO,"1976-08","1984-07",110
191,SAMBA,"1981-01","1987-12",110
2060,SAMBA Convertible,"1981-01","1987-12",110
1793,SIMCA 1000,"1961-10","1978-12",110
1807,SIMCA 1100 Break/Tourisme,"1968-10","1980-01",110
1794,SIMCA 1100 Hatchback,"1968-10","1980-01",110
1795,SIMCA 1200 S Coupe,"1968-10","1972-03",110
1796,SIMCA 1300,"1963-08","1968-02",110
1797,SIMCA 1301,"1966-08","1976-11",110
1798,SIMCA 1301 Tourisme,"1966-08","1976-11",110
1799,SIMCA 1500,"1963-10","1968-02",110
1809,SIMCA 1500 Break,"1964-11","1968-02",110
1800,SIMCA 1501,"1966-10","1976-11",110
1808,SIMCA 1501 Break/Tourisme,"1966-10","1976-11",110
1801,SIMCA 1609/1610,"1976-09","1980-12",110
1792,SIMCA SIM'4,"1968-10","1972-12",110
1803,SIMCA SUNBEAM,"1977-07","1983-03",110
281,SOLARA,"1980-02","1986-07",110
332,TAGORA,"1980-06","1987-12",110
4808,"1000 (KP3_)","1969-04","1988-08",111
4809,"1000 Estate (KP36V_)","1969-04","1988-08",111
8914,"4 RUNNER I (_N5_, _N6_, _N7_)","1984-07","1989-10",111
383,"4 RUNNER II (_N13_)","1987-08","1996-12",111
4981,"4 RUNNER III (_N18_)","1995-11","2003-07",111
11331,"4 RUNNER IV (_N21_)","2002-08","2009-12",111
14314,ALPHARD / VELLFIRE (_H3_),"2015-02",,111
6226,AURIS (_E15_),"2006-10","2013-01",111
10460,AURIS (_E18_),"2012-10","2019-01",111
11280,AURIS Estate (_E18_),"2013-07","2018-12",111
11278,AURIS VAN Hatchback Van (_E18_),"2013-03","2018-12",111
3393,AVENSIS (_T22_),"1997-09","2003-02",111
5002,AVENSIS (_T25_),"2003-03","2008-11",111
3394,AVENSIS Estate (_T22_),"1997-09","2003-02",111
4976,AVENSIS Estate (_T25_),"2003-04","2008-11",111
8008,AVENSIS Estate (_T27_),"2008-11","2018-10",111
3510,AVENSIS Liftback (_T22_),"1997-09","2003-02",111
4975,AVENSIS Saloon (_T25_),"2003-01","2009-04",111
8007,AVENSIS Saloon (_T27_),"2008-11","2018-10",111
4791,AVENSIS VERSO (_M2_),"2001-05","2011-12",111
5442,AYGO (_B1_),"2005-02","2014-05",111
12744,AYGO (_B4_),"2014-05",,111
446,CAMRY (_V1_),"1990-07","2001-10",111
453,CAMRY (_V2_),"1986-08","1993-02",111
3419,CAMRY (_V2_),"1996-08","2004-02",111
460,CAMRY Estate (_V1_),"1991-06","1997-08",111
465,CAMRY Estate (_V2_),"1986-11","1993-02",111
457,CAMRY Liftback (_V1_),"1982-10","1988-01",111
449,CAMRY Saloon (_V1_),"1982-10","1988-07",111
4846,CAMRY Saloon (_V3_),"2001-08","2006-11",111
5813,CAMRY Saloon (_V4_),"2006-01","2014-12",111
9739,CAMRY Saloon (_V5_),"2011-09","2019-02",111
496,CARINA E VI (_T19_),"1992-04","1997-09",111
492,CARINA E VI Saloon (_T19_),"1992-04","1997-09",111
499,CARINA E VI Sportswagon (_T19_),"1992-02","1997-09",111
2067,CARINA I (TA1_),"1970-12","1978-03",111
487,"CARINA II (TA4_, TA6_)","1973-05","1983-09",111
522,CARINA III Estate (_A6_),"1981-03","1983-09",111
517,CARINA IV (_T15_),"1983-10","1988-05",111
482,CARINA IV Saloon (_T15_),"1983-08","1988-05",111
509,CARINA V (_T17_),"1987-12","1992-06",111
513,CARINA V Estate (_T17_),"1987-12","1992-04",111
504,CARINA V Saloon (_T17_),"1987-12","1992-06",111
568,CELICA (_A4_),"1977-08","1981-07",111
554,CELICA Convertible (_T16_),"1985-08","1989-08",111
558,CELICA Convertible (_T18_),"1989-10","1993-11",111
2074,CELICA Convertible (_T20_),"1993-11","1999-08",111
1700,CELICA Coupe (_A2_),"1971-11","1978-03",111
550,CELICA Coupe (_A4_),"1977-08","1981-07",111
531,CELICA Coupe (_A6_),"1981-08","1985-12",111
563,CELICA Coupe (_T16_),"1985-09","1989-08",111
540,CELICA Coupe (_T18_),"1989-09","1994-12",111
545,CELICA Coupe (_T20_),"1993-09","1999-11",111
4518,CELICA Coupe (_T23_),"1999-08","2006-03",111
535,CELICA Hatchback (_T16_),"1985-08","1989-12",111
3463,COROLLA (_E10_),"1991-06","1999-11",111
1972,COROLLA (_E11_),"1995-05","2003-02",111
4851,COROLLA (_E12_),"2001-01","2008-04",111
166,COROLLA (_E7_),"1979-09","1987-09",111
108,COROLLA (_E8_),"1983-06","1989-06",111
114,COROLLA (_E9_),"1987-05","1999-09",111
2063,"COROLLA (KE_, TE_)","1970-02","1982-11",111
98,COROLLA Compact (_E10_),"1992-05","1999-12",111
1974,COROLLA Compact (_E11_),"1997-04","2002-01",111
125,COROLLA Compact (_E9_),"1987-05","1995-10",111
13581,COROLLA Coupe (_E9_),"1987-05","1995-10",111
130,COROLLA Coupe (AE86),"1983-05","1987-07",111
2061,COROLLA Coupe (KE),"1975-07","1982-12",111
170,COROLLA Estate (_E10_),"1991-09","1998-04",111
6890,MATRIX (_E13_),"2002-01","2007-12",111
3863,COROLLA Estate (_E11_),"1997-04","2001-10",111
4853,COROLLA Estate (_E12_),"2001-03","2008-12",111
161,COROLLA Estate (_E7_),"1979-12","1989-08",111
2062,COROLLA Estate (TE72_),"1975-07","1982-07",111
1446,COROLLA FX Compact (E8B),"1984-08","1988-05",111
135,COROLLA Hatchback (_E7_),"1979-09","1983-09",111
120,"COROLLA Hatchback (KE, TE)","1972-10","1980-01",111
146,COROLLA Liftback (_E10_),"1992-05","1999-12",111
1973,COROLLA Liftback (_E11_),"1997-04","2002-01",111
140,COROLLA Liftback (_E8_),"1982-05","1989-05",111
151,COROLLA Liftback (_E9_),"1987-05","1997-04",111
4852,COROLLA Saloon (_E12_),"2000-08","2008-12",111
7967,COROLLA Saloon (_E15_),"2006-10","2018-12",111
11560,"COROLLA Saloon (_E18_, ZRE1_)","2013-06","2021-02",111
156,COROLLA Station Wagon (_E9_),"1987-05","1995-10",111
4854,COROLLA Verso (_E12_),"2001-07","2007-05",111
5127,"COROLLA Verso (ZER_, ZZE12_, R1_)","2004-03","2009-10",111
8906,CORONA (_T1_),"1978-09","1983-12",111
1701,CORONA (RT1_),"1973-08","1979-05",111
4020,CORONA Estate (RT118),"1970-02","1979-05",111
174,CORONA Hatchback (_T13_),"1978-09","1981-12",111
6283,"CORONA Saloon (_T14_, _T15_, _T16_)","1982-01","1988-08",111
6285,CORONA Saloon (_T17_),"1987-11","1993-09",111
217,CRESSIDA Saloon (_X3_),"1976-12","1982-07",111
221,CRESSIDA Saloon (_X6_),"1980-09","1992-09",111
6290,CRESSIDA Saloon (_X7_),"1984-08","1992-11",111
2064,CRESSIDA Station Wagon (_X3_),"1976-12","1981-07",111
2065,CRESSIDA Station Wagon (_X6_),"1980-09","1985-10",111
230,CROWN (_S1_),"1979-09","1987-07",111
2066,CROWN Station Wagon (_S1_),"1980-09","1983-09",111
7509,DYNA 100 Platform/Chassis (YH_),"1985-08","1995-04",111
6303,DYNA 150 Platform/Chassis (_Y_),"1985-08","1988-08",111
7266,DYNA 150 Platform/Chassis (LY_),"1988-08","1995-06",111
7499,DYNA 150 Platform/Chassis (LY_),"1995-05","2001-07",111
6304,DYNA 200 Platform/Chassis,"1995-06","2002-12",111
7253,DYNA 200 Platform/Chassis,"1985-01","1995-05",111
7259,"DYNA 400 Platform/Chassis (BU_, XZU_)","2000-10","2006-12",111
5445,"DYNA Bus (_U3_, _U2_)","1977-08","1987-08",111
5444,"DYNA Platform/Chassis (_U_, _Y_)","1977-08","2009-12",111
5820,"DYNA Platform/Chassis (KD_, LY_, _Y2_, _U3_, _U4_, _U6_, _U8","1999-05",,111
10462,DYNA Platform/Chassis (LH8_),"1985-08","1995-05",111
7261,ECHO Saloon (_P1_),"1999-08","2006-01",111
9567,FJ CRUISER (GSJ1_),"2005-06","2018-01",111
6942,"FORTUNER (_N5_, _N6_)","2004-06","2015-09",111
10112,GT 86 Coupe (ZN6_),"2012-03",,111
8700,"HIACE / COMMUTER V Bus (TRH2__, KDH2__, LH2__, GDH2__)","2004-08",,111
546,"HIACE II Bus (_H11, _H2_, _H3_, _H4_)","1977-02","1982-11",111
3983,"HIACE III Bus (_H5_, _H6_, _H7_, _H8_, _H9_)","1982-11","2007-09",111
2071,"HIACE III Van (_H5_, _H6_, _H7_, _H8_, _H9_)","1982-12","2005-08",111
10527,"HIACE II Pickup (_H11, _H2_, _H3_, _H4_)","1977-02","1985-07",111
4021,"HIACE II Van (_H11, _H2_, _H3_, _H4_)","1977-02","1983-03",111
1512,"HIACE IV Bus (__H1_, __H2_)","1995-08","2012-12",111
541,HIACE IV Bus (_H1_),"1987-08","2004-12",111
4022,"HIACE IV Van (__H1_, __H2_)","1995-08","2012-12",111
3386,HIACE IV Van (_H1_),"1989-08","2005-02",111
8701,"HIACE V Van (TRH2__, KDH2__, LH2__, GDH2__)","2004-06",,111
7224,HIGHLANDER / KLUGER (_U2_),"2000-06","2010-12",111
7225,HIGHLANDER / KLUGER (_U4_),"2007-05","2014-08",111
7500,"HILUX III Pickup (_N3_, _N4_)","1978-07","1984-05",111
14379,HILUX VIII Pickup (_N1_),"2015-05",,111
14798,HILUX VIII Platform/Chassis (_N1_),"2015-05",,111
6889,"HILUX VII Pickup (_N1_, _N2_, _N3_)","2004-08","2016-02",111
8046,IQ (_J1_),"2008-11","2015-12",111
4755,"LAND CRUISER (_J4_, _J5_)","1967-08","2001-11",111
3985,LAND CRUISER (_J6_),"1980-08","1992-12",111
203,"LAND CRUISER (_J7_, _JL7_)","1984-03",,111
3566,LAND CRUISER 100 (_J1_),"1998-01","2008-07",111
7806,LAND CRUISER 200 (_J2_),"2007-08",,111
198,LAND CRUISER 80 (_J8_),"1990-01","2001-02",111
1566,LAND CRUISER 90 (_J9_),"1995-04","2003-02",111
3582,LAND CRUISER Hardtop (_J7_),"1984-11","2001-08",111
4756,LAND CRUISER Pickup (_J4_),"1965-01","2001-11",111
8912,"LAND CRUISER Pick-up (_J7_, _JL7_)","1984-11",,111
4978,LAND CRUISER PRADO (_J12_),"2002-09","2010-12",111
8657,LAND CRUISER PRADO (_J15_),"2009-07",,111
2072,"LITEACE Bus (_M3_, _M4_)","1985-09","1992-01",111
4766,LITEACE Bus (_R2_),"1992-01","1998-01",111
222,LITEACE Van (_M2_),"1979-10","1986-10",111
227,"LITEACE Van (_M3_, _M4_)","1983-01","1998-04",111
4767,LITEACE Van (_R2__V),"1992-01","1995-01",111
3387,"LITEACE Wagon (YM2_, CM2_, KM2_)","1979-10","1985-09",111
13323,MIRAI (JPD1_),"2014-12","2020-05",111
280,"MODEL F (CR2_, YR2_, YR3_)","1982-11","1990-10",111
318,MR2 I (AW1_),"1984-06","1990-06",111
3955,MR2 II (SW2_),"1989-12","2000-05",111
4590,MR2 III (ZZW3_),"1999-10","2007-06",111
3572,PASEO Convertible (_L5_),"1996-10","1998-01",111
1515,PASEO Coupe (_L5_),"1995-08","1999-12",111
7945,PASEO Coupe (EL44_),"1988-06","1995-08",111
1906,PICNIC (_XM1_),"1996-05","2001-12",111
3437,"PREVIA I (_R1_, _R2_)","1990-01","2000-08",111
4646,PREVIA II (_R3_),"2000-02","2006-02",111
7134,"PREVIA III (_R2_, _R5_)","2005-10",,111
8044,PRIUS (_W3_),"2008-06","2016-06",111
14940,PRIUS (_W5_),"2015-09","2022-12",111
5066,PRIUS Liftback (_W2_),"2003-09","2010-01",111
9640,PRIUS PLUS (_W4_),"2011-05",,111
4748,PRIUS Saloon (_W1_),"2000-05","2004-01",111
11277,PROACE Van (MDX_),"2013-06","2016-03",111
28,RAV 4 I (_A1_),"1994-01","2003-12",111
3569,RAV 4 I Cabrio (_A1_),"1997-12","2000-06",111
4649,RAV 4 II (_A2_),"2000-05","2005-11",111
5508,RAV 4 III (_A3_),"2005-06","2014-08",111
10996,RAV 4 IV (_A4_),"2012-12","2019-09",111
9786,SIENNA (_L3_),"2010-01",,111
307,STARLET (_P7_),"1984-10","1989-12",111
310,STARLET (_P8_),"1989-12","1996-03",111
3984,STARLET (_P9_),"1996-01","1999-10",111
319,STARLET (KP6_),"1978-02","1984-12",111
1699,STARLET 1000 (KP_),"1974-11","1978-08",111
2069,STARLET 1000 Kombi (KP_),"1974-11","1978-08",111
3460,STARLET Estate (KP6_),"1978-02","1984-12",111
323,SUPRA (_A7_),"1986-01","1993-05",111
328,SUPRA (_A8_),"1993-05","2002-07",111
10924,TACOMA Pickup (_N2_),"2004-09","2015-12",111
374,"TERCEL (_L1_, _L2_)","1979-03","1988-01",111
379,TERCEL (AL2_),"1982-09","1988-01",111
9600,"TUNDRA Pickup (_K3_, _K4_)","1999-02","2006-11",111
9599,"TUNDRA Pickup (_K5_, _K6_)","2006-11",,111
8253,URBAN CRUISER (_P1_),"2007-07","2016-03",111
11377,VENZA (_V1_),"2008-11","2016-11",111
8158,VERSO (_R2_),"2009-04","2018-08",111
9138,VERSO S (_P12_),"2010-11","2016-10",111
9047,YARIS / VIOS Saloon (_P9_),"2005-08","2013-12",111
3996,YARIS (_P1_),"1999-01","2005-12",111
9111,YARIS (_P13_),"2010-12","2020-06",111
11610,YARIS (_P15_),"2013-10",,111
5499,YARIS (_P9_),"2005-01","2014-12",111
4419,YARIS VERSO (_P2_),"1999-08","2005-09",111
1754,"1300 I","1965-01","1970-12",112
1764,"1500 I","1970-01","1977-12",112
1762,"2.5 PI MK I","1968-01","1975-12",112
1775,"2.5 PI MK I Estate","1968-01","1975-12",112
1757,"2000 MK I","1968-01","1972-03",112
1774,"2000 MK I Estate","1968-01","1975-12",112
3585,"2000 MKII","1972-03","1977-12",112
3586,"2000 MKII Estate","1972-03","1975-12",112
1767,"2500","1974-05","1977-12",112
1777,"2500 Estate","1974-05","1979-12",112
274,ACCLAIM (XD),"1981-10","1985-12",112
12659,AMERICA,,,112
12660,BONNEVILLE,,,112
12661,DAYTONA,,,112
1766,"DOLOMITE (W, TW)","1972-01","1981-12",112
1755,GT6 I,"1966-01","1973-12",112
1753,HERALD (1GET),"1961-01","1971-12",112
3924,HERALD Convertible (1RET),"1961-01","1971-12",112
1772,HERALD Estate (1EET),"1961-01","1971-12",112
12662,LEGEND,,,112
12663,ROCKET,,,112
12664,SCRAMBLER,,,112
12665,SPEED,,,112
12666,SPEEDMASTER,,,112
298,SPITFIRE 1500 (FM),"1962-10","1980-01",112
12667,SPRINT,,,112
1765,STAG (LD),"1970-01","1977-12",112
12668,STREET,,,112
12669,THRUXTON,,,112
12670,THUNDERBIRD,,,112
12671,TIGER ( - 999cc),,,112
1763,"TOLEDO (ADM, ADF)","1970-01","1977-12",112
1768,TR 2 I,"1953-01","1955-12",112
1769,TR 3A I,"1957-12","1961-12",112
1758,TR 3 I,"1955-01","1957-12",112
1770,TR 4A,"1964-09","1968-12",112
1759,TR 4 I,"1960-09","1965-12",112
1760,TR 5 (250),"1967-01","1969-12",112
416,TR 6 I,"1969-01","1976-12",112
424,TR 7 I Coupe,"1975-01","1981-12",112
420,TR 7 II,"1979-01","1982-12",112
1761,TR 8,"1979-09","1981-12",112
12672,TRIDENT,,,112
12673,TROPHY,,,112
12674,TT,,,112
1773,VITESSE Cabriolet (HBC),"1961-01","1971-12",112
1756,VITESSE I,"1961-01","1971-12",112
7542,AGILA Mk II (B) (H08),"2008-01","2014-11",117
5624,ANTARA A (L07),"2006-08","2015-04",117
4798,ASTRA Mk IV (G) Convertible (T98),"2001-03","2005-10",117
3978,ASTRA Mk IV (G) Estate (T98),"1998-02","2005-05",117
5148,ASTRA Mk V (H) (A04),"2004-01","2011-03",117
5475,ASTRA Mk V (H) Estate (A04),"2004-08","2012-10",117
8301,ASTRA Mk VI (J) (P10),"2009-12","2015-10",117
10971,CASCADA Convertible (W13),"2013-02",,117
1535,CHEVETTE Estate,"1975-03","1985-12",117
4658,CORSA Mk II (C) (X01),"2000-08","2007-04",117
7863,INSIGNIA Mk I (A) Sports Tourer (G09),"2008-07","2017-05",117
8754,MERIVA Mk II (B) (S10),"2010-06","2017-03",117
4593,MOVANO Mk I (A) Chassis/Cab (X70),"1998-10","2010-12",117
4442,MOVANO Mk I (A) Van (X70),"1998-10","2010-12",117
8760,MOVANO Mk II (B) VAN (X62),"2010-05",,117
4421,VIVA,"1963-01","1979-10",117
4423,VIVA Coupe,"1966-09","1975-10",117
4422,VIVA Estate,"1965-01","1979-10",117
4762,VIVARO A Van (X83),"2001-08","2014-07",117
4192,ZAFIRA A (T98),"1998-11","2005-08",117
5518,ZAFIRA Mk II (B) (A05),"2005-04","2014-11",117
9738,ZAFIRA Mk III (P12),"2011-10","2019-03",117
385,"140 (142, 144)","1966-08","1975-08",120
1622,"140 Estate (145)","1966-08","1975-02",120
1623,"164 (164)","1968-08","1975-04",120
211,"240 (P242, P244)","1974-08","1993-12",120
215,"240 Kombi (P245)","1974-08","1993-12",120
228,"260 (P262, P264)","1974-08","1982-07",120
2073,"260 Coupe (P262)","1975-09","1985-12",120
1633,"260 Estate (P265)","1975-07","1982-07",120
375,"340-360 (343, 345)","1975-08","1991-07",120
370,"340-360 Saloon (344)","1979-08","1991-07",120
1634,"440 (445)","1988-08","1996-12",120
417,"460 (464)","1988-09","1996-12",120
429,"480 (482)","1986-04","1996-07",120
3438,"66 (31, 36)","1975-08","1978-08",120
1619,"66 Estate (64)","1975-10","1979-11",120
553,"740 (744)","1983-04","1992-12",120
3453,"740 Kombi (745)","1984-08","1992-12",120
562,"760 (704, 764)","1981-08","1992-07",120
567,"760 Kombi (704, 765)","1982-01","1992-07",120
1639,"780 (782)","1986-04","1990-11",120
3925,"850 (854)","1991-06","1997-10",120
57,"850 Estate (855)","1992-04","1997-10",120
193,"940 (944)","1990-08","1995-03",120
197,"940 II (944)","1994-08","1998-12",120
201,"940 II Estate (945)","1990-09","1998-10",120
3926,"940 Kombi (945)","1990-08","1995-10",120
216,"960 (964)","1990-08","1994-07",120
220,"960 II (964)","1994-07","1996-12",120
225,"960 II Estate (965)","1994-07","1996-12",120
229,"960 Kombi (965)","1990-08","1994-07",120
5610,C30 (533),"2006-09","2013-12",120
3559,C70 I Convertible (873),"1998-03","2005-10",120
1989,C70 I Coupe (872),"1997-03","2002-09",120
5568,C70 II Convertible (542),"2006-03","2013-12",120
1617,P 121,"1959-05","1971-05",120
1618,P 122 S AMAZON,"1959-05","1971-05",120
2068,"P 122 S AMAZON Estate (120, 121)","1959-05","1971-05",120
1624,P 1800 (P18),"1962-04","1973-11",120
1638,"P 210 DUETT (P211, P212)","1960-05","1967-07",120
1625,P 2200 Estate (P210),"1964-09","1967-08",120
1635,PV 544 (P11),"1958-08","1967-07",120
1513,S40 I (644),"1995-07","2004-12",120
5089,S40 II (544),"2003-12","2012-12",120
4696,S60 I (384),"2000-07","2010-04",120
8616,S60 II (134),"2010-04","2019-12",120
3499,S70 (874),"1996-11","2000-11",120
3550,S80 I (184),"1998-05","2008-02",120
5520,S80 II (124),"2006-03","2016-12",120
1821,S90 I (964),"1996-11","1998-12",120
1514,V40 Estate (645),"1995-07","2004-06",120
10251,V40 Hatchback (525),"2012-03","2019-08",120
5090,V50 (545),"2003-12","2012-12",120
9124,V60 I (155),"2010-07","2018-12",120
1820,"V70 I (875, 876)","1995-12","2000-12",120
4600,V70 II (285),"1999-11","2008-12",120
6390,V70 III (135),"2007-04","2016-04",120
1822,V90 I Estate (965),"1996-11","1998-12",120
7583,XC60 I SUV (156),"2008-05","2018-07",120
4867,XC70 I Cross Country (295),"1997-10","2007-10",120
6391,XC70 II (136),"2007-04","2016-12",120
4879,XC90 I (275),"2002-06","2015-01",120
13084,XC90 II (256),"2014-09",,120
507,"1500,1600 (31)","1961-04","1973-12",121
1620,"1500,1600 Hatchback (31)","1965-08","1975-03",121
1621,"1500,1600 Variant (36)","1961-04","1973-07",121
4644,"166","1942-02","1945-12",121
512,"181","1969-09","1983-11",121
1616,"411,412","1968-07","1975-03",121
405,"412 Variant","1969-09","1975-03",121
8636,"AMAROK (2HA, 2HB, S1B, S6B, S7A, S7B, AGD)","2010-09",,121
14172,"AMAROK Platform/Chassis (S1B, S6B, S7B)","2011-09","2022-05",121
9710,"BEETLE (5C1, 5C2)","2011-04","2019-07",121
10735,"BEETLE Convertible (5C7, 5C8)","2011-12","2019-07",121
3884,BORA I (1J2),"1998-10","2013-12",121
4125,BORA Variant (1J6),"1999-05","2005-05",121
3943,CADDY I (14),"1979-08","2008-11",121
4003,CADDY II Box Body/MPV (9K9A),"1995-11","2004-01",121
5083,"CADDY III Box Body/MPV (2KA, 2KH, 2CA, 2CH)","2004-03","2016-03",121
5084,"CADDY III MPV (2KB, 2KJ, 2CB, 2CJ)","2004-03","2016-03",121
5393,CADDY II MPV (9K9B),"1995-11","2004-12",121
4004,CADDY II Pickup (9U7),"1996-06","2000-12",121
14303,"CADDY IV Box Body/MPV (SAA, SAH)","2015-05","2020-12",121
14302,"CADDY IV MPV (SAB, SAJ)","2015-05","2020-12",121
90,CAROCHA,"1947-12","2003-08",121
1614,CAROCHA Convertible (15),"1949-07","1981-03",121
10200,CC B7 (358),"2011-11","2017-10",121
3887,CORRADO (53I),"1987-08","1995-12",121
5528,CRAFTER 30-35 Bus (2E_),"2006-04","2016-12",121
5530,CRAFTER 30-50 Platform/Chassis (2F_),"2006-04","2016-12",121
5529,CRAFTER 30-50 Van (2E_),"2006-04","2016-12",121
270,DERBY (86),"1977-02","1981-09",121
275,"DERBY (86C, 80)","1981-08","1984-12",121
5457,"EOS (1F7, 1F8)","2006-03","2015-08",121
5417,"FOX Hatchback (5Z1, 5Z3, 5Z4, 5Z5)","2003-08","2021-10",121
13608,"GOLF ALLTRACK VII Variant (BA5, BV5)","2014-12","2020-12",121
497,GOLF I (17),"1974-04","1985-12",121
488,GOLF I Cabriolet (155),"1979-01","1993-08",121
500,"GOLF II (19E, 1G1)","1983-08","1992-12",121
505,GOLF III (1H1),"1989-10","2000-11",121
493,GOLF III Cabriolet (1E7),"1993-07","1998-05",121
510,GOLF III Variant (1H5),"1993-07","1999-04",121
1994,GOLF IV (1J1),"1997-08","2008-04",121
1996,GOLF IV Cabriolet (1E7),"1998-06","2002-12",121
1995,GOLF IV Variant (1J5),"1999-05","2006-06",121
5379,"GOLF PLUS V (5M1, 521)","2004-12","2013-12",121
11878,"GOLF SPORTSVAN VII (AM1, AN1)","2014-02","2020-08",121
4991,GOLF V (1K1),"2003-10","2010-07",121
7873,GOLF VI (5K1),"2008-10","2014-12",121
9158,GOLF VI Convertible (517),"2011-03","2017-10",121
10585,"GOLF VII (5G1, BQ1, BE1, BE2)","2012-08","2021-10",121
11221,"GOLF VII Variant (BA5, BV5)","2013-04","2022-01",121
8442,GOLF VI Variant (AJ5),"2009-07","2014-07",121
6245,GOLF V Variant (1K5),"2007-01","2009-07",121
2,ILTIS (183),"1979-03","1988-12",121
7,JETTA I (16),"1978-08","1987-12",121
3439,"JETTA II (19E, 1G2, 165)","1983-08","1992-12",121
5423,JETTA III (1K2),"2004-09","2013-12",121
9118,"JETTA IV (162, 163, AV3, AV2)","2008-01","2019-12",121
22,K 70 (48),"1970-08","1974-10",121
1615,"KARMANN GHIA Convertible (14, 34)","1957-09","1974-07",121
99,"KARMANN GHIA Coupe (14, 34)","1955-08","1976-12",121
236,LT 28-35 I Bus (281-363),"1975-04","1996-06",121
3378,"LT 28-35 II Bus (2DB, 2DE, 2DK)","1996-04","2006-07",121
1637,LT 28-35 I Platform/Chassis (281-363),"1975-04","1996-06",121
1636,LT 28-35 I Van (281-363),"1975-04","1996-06",121
3380,"LT 28-46 II Platform/Chassis (2DC, 2DF, 2DG, 2DL, 2DM)","1996-04","2006-07",121
3379,"LT 28-46 II Van (2DA, 2DD, 2DH)","1996-04","2006-07",121
4489,LT 40-55 I Platform/Chassis (293-909),"1975-04","1996-06",121
4488,LT 40-55 I Van (291-512),"1975-04","1996-06",121
3398,"LUPO I (6X1, 6E1)","1998-09","2005-07",121
4988,"MULTIVAN T5 (7HM, 7HN, 7HF, 7EF, 7EM, 7EN)","2003-04","2016-03",121
14349,"MULTIVAN T6 (SGF, SGM, SGN, SHM, SHN)","2015-04",,121
3402,"NEW BEETLE (9C1, 1C1)","1998-01","2012-07",121
4957,NEW BEETLE Convertible (1Y7),"2002-09","2012-07",121
11084,PASSAT ALLTRACK B7 Variant (365),"2012-01","2014-12",121
14622,"PASSAT ALLTRACK B8 Variant (3G5, CB5)","2015-05",,121
403,PASSAT B1 (32),"1973-05","1981-07",121
415,PASSAT B1 Variant (33),"1973-05","1981-10",121
408,PASSAT B2 (32B),"1979-09","1989-07",121
1447,PASSAT B2 Saloon (32B),"1982-05","1989-06",121
419,PASSAT B2 Variant (33B),"1980-08","1989-06",121
412,"PASSAT B3/B4 (3A2, 35I)","1988-02","1997-12",121
423,"PASSAT B3/B4 Variant (3A5, 35I)","1988-02","1997-06",121
4736,PASSAT B5.5 (3B3),"2000-10","2005-12",121
4737,PASSAT B5.5 Variant (3B6),"2000-09","2005-08",121
1568,PASSAT B5 (3B2),"1996-08","2001-12",121
1907,PASSAT B5 Variant (3B5),"1997-05","2001-12",121
5398,PASSAT B6 (3C2),"2005-03","2011-04",121
5427,PASSAT B6 Variant (3C5),"2005-08","2011-11",121
9003,PASSAT B7 (362),"2010-08","2016-04",121
11165,"PASSAT B7 (A32, A33)","2011-01","2020-12",121
9004,PASSAT B7 Variant (365),"2010-08","2015-12",121
12917,"PASSAT B8 (3G2, CB2)","2014-08",,121
12918,"PASSAT B8 Variant (3G5, CB5)","2014-08",,121
7375,PASSAT CC B6 (357),"2008-02","2012-06",121
4876,"PHAETON (3D1, 3D2, 3D3, 3D4, 3D6, 3D7, 3D8, 3D9)","2002-04","2016-03",121
4528,POLO (6N2),"1999-10","2001-10",121
431,POLO (86),"1975-03","1981-09",121
3885,"POLO CLASSIC (86C, 80)","1985-01","1994-09",121
440,"POLO Coupe (86C, 80)","1981-10","1994-09",121
4019,POLO Hatchback Van (6N1),"1994-09","1999-12",121
4018,POLO Hatchback Van (86CF),"1992-08","1994-07",121
436,"POLO II (86C, 80)","1981-10","1994-09",121
427,POLO III (6N1),"1994-10","1999-10",121
1482,POLO III CLASSIC (6V2),"1995-01","2009-11",121
4804,"POLO IV (9N_, 9A_)","2001-10","2014-10",121
5074,"POLO IV Saloon (9A4, 9A2, 9N2, 9A6)","2002-09",,121
11307,"POLO IV Saloon (9N2, 9N4)","2002-09","2010-12",121
8025,"POLO V (6R1, 6C1)","2009-03","2022-06",121
1993,POLO Variant (6V5),"1997-04","2001-09",121
9746,"POLO V Saloon (602, 604, 612, 614)","2009-05",,121
9735,ROUTAN,"2008-09","2014-12",121
4636,SANTANA,"1991-01","2012-09",121
195,SANTANA (32B),"1981-08","1985-12",121
210,SCIROCCO (53),"1974-02","1980-07",121
214,SCIROCCO (53B),"1980-08","1992-07",121
7584,"SCIROCCO III (137, 138)","2008-05","2018-01",121
1312,"SHARAN (7M8, 7M9, 7M6)","1995-05","2010-05",121
8630,"SHARAN (7N1, 7N2)","2010-05","2022-11",121
337,TARO,"1989-04","1997-03",121
6397,TIGUAN (5N_),"2007-09","2018-07",121
4920,"TOUAREG (7LA, 7L6, 7L7)","2002-10","2013-01",121
8607,"TOUAREG (7P5, 7P6)","2010-01","2018-12",121
4954,"TOURAN (1T1, 1T2)","2003-02","2011-01",121
10449,TOURAN (1T3),"2010-05","2016-09",121
14158,TOURAN (5T1),"2015-05",,121
1598,"TRANSPORTER T1 Bus (22, 24, 25, 28)","1950-01","1968-12",121
1627,TRANSPORTER T1 Platform/Chassis (26),"1950-01","1970-10",121
1626,"TRANSPORTER T1 Van (21, 23)","1950-01","1968-12",121
455,"TRANSPORTER T2 Bus (22, 23, 24)","1967-08","1979-09",121
3888,"TRANSPORTER T2 Platform/Chassis (21, 26)","1968-08","1979-07",121
1628,"TRANSPORTER T2 Van (21, 23)","1968-08","1979-07",121
3889,TRANSPORTER T3 Bus (25_),"1979-05","2003-12",121
1630,TRANSPORTER T3 Platform/Chassis (24_),"1979-05","1992-12",121
1629,"TRANSPORTER T3 Van (24_, 25_)","1979-05","1992-12",121
463,"TRANSPORTER T4 Bus (70B, 70C, 7DB, 7DK, 70J, 70K, 7DC, 7DJ)","1990-09","2004-10",121
1632,"TRANSPORTER T4 Platform/Chassis (70E, 70L, 70M, 7DE, 7DL, 7D","1990-07","2003-04",121
1631,"TRANSPORTER T4 Van (70A, 70H, 7DA, 7DH, 70J)","1990-07","2003-04",121
5005,"TRANSPORTER T5 Bus (7HB, 7HJ, 7EB, 7EJ)","2003-04","2016-03",121
5003,"TRANSPORTER T5 Platform/Chassis (7JD, 7JE, 7JL, 7JY, 7JZ, 7F","2003-04","2016-03",121
5004,"TRANSPORTER T5 Van (7HA, 7HH, 7EA, 7EH)","2003-04",,121
14350,"TRANSPORTER T6 / CARAVELLE T6 Bus (SGB, SGJ, SHB, SHJ)","2015-04","2024-08",121
14352,"TRANSPORTER T6 Platform/Chassis (SFD, SFE, SFL, SFZ, SJD, SJ","2015-04","2024-08",121
14351,"TRANSPORTER T6 Van (SGA, SGH, SHA, SHH)","2015-04","2024-08",121
9734,"UP! (121, 122, BL1, BL2, BL3, 123)","2011-08",,121
3886,VENTO (1H2),"1991-11","2000-11",121
13215,XL1 (6Z1),"2014-02",,121
8381,"10","2005-10",,124
143,"101","1972-06","1993-12",124
10214,KORAL,"2002-10","2008-11",124
148,YUGO,"1980-04","1995-06",124
2055,ISABELLA,"1954-06","1962-02",136
4090,ALERO,"1999-03","2004-09",138
5887,ASTRO Bus,"1984-10","1994-09",138
5889,ASTRO Bus,"1994-10","2005-05",138
5888,ASTRO Van,"1984-10","1994-09",138
5890,ASTRO Van,"1994-10","2005-05",138
7535,AVALANCHE,"2005-06","2013-12",138
10519,AVEO / KALOS Hatchback (T200),"2003-02","2008-12",138
7372,"AVEO / KALOS Hatchback (T250, T255)","2006-06",,138
10823,AVEO / KALOS Saloon (T200),"2003-01","2008-12",138
5556,"AVEO / KALOS Saloon (T250, T255)","2005-03",,138
9591,AVEO Hatchback (T300),"2011-03",,138
9592,AVEO Saloon (T300),"2011-03",,138
1990,BERETTA Coupe (1_37),"1987-01","1996-12",138
1976,BLAZER S10,"1993-10","2005-09",138
3514,BLAZER S10,"1982-09","1994-12",138
5912,C1500 Pickup,"1988-01","2000-12",138
5916,C2500 Pickup,"1996-10","2001-12",138
1997,CAMARO,"1969-09","1981-12",138
1999,CAMARO,"1992-12","2002-12",138
9590,CAMARO,"2009-02","2015-12",138
14576,CAMARO,"2015-09",,138
1998,CAMARO (FP_),"1981-06","1992-12",138
5921,CAMARO Convertible,"1992-10","2002-12",138
9589,CAMARO Convertible,"2011-01",,138
2001,CAPRICE,"1976-09","1990-12",138
5597,"CAPTIVA (C100, C140)","2006-06",,138
10284,CAPTIVA SPORT,"2007-01",,138
5933,CAVALIER Convertible,"1988-01","1994-12",138
5932,CAVALIER Coupe,"1987-09","1994-12",138
5931,CAVALIER Saloon,"1988-01","1994-12",138
5934,CAVALIER Saloon,"1991-10","1996-09",138
6761,COBALT,"2003-11",,138
6762,COLORADO,"2003-04",,138
5965,CORSA Saloon,"1994-03","2010-12",138
1991,CORSICA (1_69),"1987-01","1996-12",138
5096,CORVETTE (C6),"2004-09","2013-12",138
11488,CORVETTE (C7),"2013-09","2019-12",138
4067,CORVETTE Convertible,"1997-09","2004-09",138
2002,CORVETTE Convertible (1YY),"1983-02","1997-09",138
5547,CORVETTE Convertible (C6),"2004-09","2013-12",138
11489,CORVETTE Convertible (C7),"2013-09","2019-12",138
1977,CORVETTE Coupe (C5),"1997-01","2004-12",138
8127,CRUZE (J300),"2009-05",,138
9625,CRUZE Hatchback (J305),"2010-12",,138
10516,CRUZE Station Wagon (J308),"2012-08",,138
5578,EPICA (KL1_),"2004-06","2011-12",138
5407,EVANDA,"2005-03",,138
7536,EXPRESS Bus,"2003-01",,138
6451,HHR,"2005-09","2011-12",138
4082,IMPALA Saloon,"1999-01","2005-12",138
5403,LACETTI (J200),"2003-03",,138
11436,LACETTI Estate (J200),"2003-05",,138
14179,LACETTI Saloon (J200),"2003-03","2013-03",138
1975,LUMINA APV MPV,"1988-09","1996-12",138
6081,LUMINA Saloon,"1989-10","1994-12",138
6083,LUMINA Saloon,"1994-09","2001-12",138
2003,MALIBU,"1977-09","1983-12",138
10003,MALIBU (V300),"2012-01",,138
5400,"MATIZ (M200, M250)","2005-03",,138
2004,MONTE CARLO Coupe,"1972-09","1977-12",138
14060,MONTE CARLO Coupe,"1969-09","1972-12",138
14063,MONTE CARLO Coupe,"1999-09","2007-12",138
5405,NUBIRA Estate,"2005-01","2011-12",138
5404,NUBIRA Saloon,"2005-01","2012-12",138
9083,ORLANDO (J309),"2010-12",,138
5406,REZZO MPV (U100),"2005-03",,138
6131,S10 Pick Up,"1981-09","1991-09",138
10907,S10 Pickup,"1994-01","2012-12",138
11133,SILVERADO 1500,"2006-09",,138
12924,SILVERADO 1500 Crew Cab Pickup,"2013-09",,138
12925,SILVERADO 1500 Extended Cab Pickup,"2013-09",,138
12927,SILVERADO 1500 Standard Cab Pickup,"2013-09",,138
11129,SILVERADO 2500,"1998-09",,138
13097,SILVERADO 2500 Crew Cab Pickup,"2012-09",,138
13098,SILVERADO 2500 Extended Cab Pickup,"2012-09",,138
10909,SILVERADO 2500 HD,"2006-09",,138
13096,SILVERADO 2500 Standard Cab Pickup,"2012-09",,138
6155,SPARK,"2005-05",,138
8543,SPARK (M300),"2009-12",,138
7538,SUBURBAN (GMT 900),"2005-01",,138
4605,TAHOE (B2W),"1999-09","2006-12",138
6172,TAHOE (GMT400),"1993-10","2001-04",138
9892,TAHOE (GMT900),"2007-01","2014-07",138
12982,TAHOE (K2UC),"2014-07",,138
4835,TRAILBLAZER (KC_),"2001-09","2009-12",138
1915,TRANS SPORT,"1996-08","2005-09",138
10819,TRAX,"2012-12",,138
9563,VOLT,"2011-04",,138
6220,ZAFIRA (F75),"1999-02","2012-12",138
1842,"1300 Estate","1972-12","1983-05",139
5834,"1307 Platform/Chassis","1984-06","1994-11",139
1843,"1310 Estate","1983-05","2004-07",139
1832,"1310 Saloon (U, X)","1983-05","2004-07",139
5839,"1410 Estate","1994-06","1998-12",139
1831,DENEM,"1972-12","1983-05",139
11137,DOKKER Box Body/MPV,"2012-11","2021-12",139
10868,DOKKER MPV (KE_),"2012-11","2021-12",139
8547,DUSTER (HS_),"2010-04","2018-01",139
14955,DUSTER SUV Van,"2011-04",,139
10162,LODGY (JS_),"2012-03",,139
5380,LOGAN (LS_),"2004-08",,139
8041,LOGAN EXPRESS (FS_),"2007-10",,139
11138,LOGAN II,"2012-10",,139
5620,LOGAN MCV (KS_),"2007-02",,139
11291,LOGAN MCV II,"2013-02",,139
8042,LOGAN Pickup (US_),"2008-03",,139
7539,SANDERO (BS_),"2008-06","2013-06",139
10963,SANDERO II (B8_),"2012-10",,139
6445,SOLENZA (B41_),"2003-02",,139
5635,GAZELLE Bus,"1993-10","2002-12",148
5637,GAZELLE Platform/Chassis,"1993-10","2002-12",148
5636,GAZELLE Van,"1993-10","2002-12",148
11298,GAZELLE Van,"2003-01",,148
10353,VALDAJ,"2010-09",,148
5595,VOLGA (3102),"1970-01","1993-01",148
5596,VOLGA Estate (3102),"1972-01","1993-02",148
8062,"300/350","1998-09",,171
11214,LANDROVER 88/109,"1971-01","1991-12",171
6450,PS10/ANIBAL,"2002-12",,171
11213,PS10/ANIBAL Open Off-Road Vehicle,"2002-12","2011-02",171
11218,SAMURAI,"1986-09","1995-12",171
5619,ACTYON I,"2005-11",,175
7952,ACTYON SPORTS I (QJ),"2005-11",,175
11167,ACTYON SPORTS II,"2012-01",,175
9129,KORANDO (CK),"2010-07",,175
1939,"KORANDO (K5, K9)","1988-12","1997-05",175
1905,KORANDO (KJ),"1996-12","2006-11",175
3427,KORANDO Cabrio (KJ),"1996-12","2006-11",175
5484,KYRON,"2005-05","2014-12",175
1558,MUSSO (FJ),"1993-01","2007-09",175
5570,MUSSO SPORTS,"2004-08",,175
5000,REXTON / REXTON II (GAB_),"2002-04",,175
11642,REXTON W / REXTON,"2012-07",,175
5424,RODIUS I,"2005-05",,175
11293,RODIUS II,"2013-06",,175
14015,TIVOLI,"2015-01",,175
13169,"HAFLINGER (AP700, AP703)","1959-06","1974-12",176
9547,ARIA,"2010-10",,178
4653,INDICA,"1998-06",,178
5222,INDIGO (4_V2),"2003-01",,178
5223,INDIGO MARINA (4_V2),"2003-01","2012-02",178
5388,LOADBETA,"1994-08","2006-12",178
4654,SAFARI (42_FD),"1998-04",,178
4656,SIERRA,"1991-08","2002-12",178
4655,TELCOLINE (40_FD),"1999-02","2011-12",178
8758,XENON Pickup,"2006-03",,178
976,APE (MP) VESPACAR,"1971-01","1981-11",181
9558,APE CALESSINO Convertible,"2007-01",,181
9557,APE CLASSIC Platform/Chassis,"2006-01",,181
9554,APE TM Platform/Chassis,"1982-01",,181
9555,APE TM Van,"1982-01",,181
12526,BEVERLY,,,181
13441,BOXER,,,181
12527,BRAVO,,,181
12528,CARNABY,,,181
12529,CIAO,,,181
12531,DIESIS,,,181
12533,FLY,,,181
12534,FREE,,,181
12535,GRILLO,,,181
12538,HEXAGON,,,181
12539,LIBERTY,,,181
5140,M500,"2004-01",,181
12732,MP3,,,181
12542,NRG,,,181
9553,PORTER Bus,"1995-01",,181
5139,PORTER Platform/Chassis,"1992-12",,181
4629,PORTER Van,"1992-12",,181
9077,QUARGO Platform/Chassis,"2004-01",,181
12545,QUARZ,,,181
14280,ROBINSON,,,181
12547,SFERA,,,181
12548,SI,,,181
12549,SKIPPER,,,181
12550,SKR,,,181
12551,STORM,,,181
12552,TPH,,,181
12553,VELOFAX,,,181
13436,X10,,,181
12010,X7,,,181
12554,X8,,,181
12555,X9,,,181
12556,X-EVO,,,181
12557,ZIP,,,181
1294,ACCENT I (X-3),"1994-05","2002-12",183
4597,ACCENT II (LC),"1999-09","2012-12",183
5622,ACCENT III (MC),"2005-08","2010-12",183
5623,ACCENT III Saloon (MC),"2005-11","2012-12",183
4903,ACCENT II Saloon (LC),"1999-09","2017-11",183
10468,ACCENT IV Saloon (RB),"2010-08",,183
3864,ACCENT Saloon (X-3),"1994-04","2001-12",183
3511,ATOS (MX),"1997-01","2015-07",183
1575,COUPE I (RD),"1996-05","2004-03",183
4849,COUPE II (GK),"2001-01","2012-12",183
4688,ELANTRA III (XD),"2000-03","2006-08",183
4687,ELANTRA III Saloon (XD),"2000-03","2007-07",183
7471,ELANTRA IV Saloon (HD),"2005-11","2013-12",183
10165,"ELANTRA V Saloon (MD, UD)","2010-09","2017-12",183
6850,EQUUS / CENTENNIAL (JS),"1999-10","2009-03",183
9144,EQUUS / CENTENNIAL (VI),"2009-03","2016-12",183
4942,GALLOPER I,"1991-08","1998-07",183
4694,GALLOPER II (JK-01),"1997-02","2003-12",183
9142,GENESIS (BH),"2008-01","2015-12",183
13121,GENESIS (DH),"2014-03","2019-06",183
9143,GENESIS Coupe,"2008-01",,183
4901,GETZ (TB),"2001-06","2011-01",183
7935,GRANDEUR,"1986-04","1992-07",183
9626,GRANDEUR (HG),"2011-01",,183
14830,GRANDEUR (LX),"1992-08","1999-05",183
5485,GRANDEUR (TG),"2003-06","2012-06",183
11508,GRAND SANTA FÉ,"2013-01","2019-12",183
1988,H-1 / STAREX Bus (A1),"1997-06",,183
1941,H100 Bus (P),"1993-07","2004-10",183
7640,H100 Platform/Chassis,"1993-07","2006-10",183
10467,H100 Platform/Chassis (HR),"2004-01",,183
4001,H100 Van,"1993-07","2007-02",183
7377,H-1 Cargo (TQ),"2007-09",,183
6028,H-1 Platform/Chassis,"2000-06","2006-10",183
8043,H-1 Travel (TQ),"2007-09",,183
4623,H-1 Van (A1),"1997-10","2008-04",183
14148,H350 Bus,"2015-04",,183
14150,H350 Platform/Chassis,"2015-04",,183
14151,H350 Van,"2015-04",,183
4689,HIGHWAY VAN,"2000-03","2004-03",183
7368,i10 I (PA),"2007-10","2018-05",183
11774,"i10 II (BA, IA)","2013-08","2021-12",183
8009,"i20 I (PB, PBT)","2008-08","2015-12",183
13362,"i20 II (GB, IB)","2014-11","2021-08",183
14317,i20 II Coupe (GB),"2015-03","2021-09",183
6442,i30 (FD),"2007-10","2012-07",183
10445,i30 (GD),"2011-06",,183
11261,i30 Coupe,"2013-05",,183
6985,i30 Estate (FD),"2007-10","2012-06",183
10736,i30 Estate (GD),"2012-06",,183
10446,i40 I (VF),"2012-03","2019-05",183
9650,i40 I CW (VF),"2011-07","2019-05",183
9045,ix20 (JC),"2010-11","2019-07",183
8260,"ix35 (LM, EL, ELH)","2009-08","2016-10",183
8056,ix55,"2006-09","2014-12",183
1295,LANTRA I (J-1),"1990-10","1995-11",183
3484,LANTRA II (J-2),"1995-01","2002-12",183
1545,LANTRA II Estate (J-2),"1995-06","2001-12",183
4789,MATRIX (FC),"2001-06","2010-08",183
4503,PONY,"1974-06","1985-12",183
1297,PONY / EXCEL Saloon (X-2),"1989-04","1995-01",183
2016,PONY (X-1),"1982-09","1989-12",183
1296,PONY (X-2),"1989-10","1995-01",183
2017,PONY Saloon (X-1),"1985-10","1989-09",183
4508,PONY Wagon,"1978-02","1986-06",183
7474,PORTER Platform/Chassis,"1994-07","2004-12",183
11593,PORTER Platform/Chassis,"2004-05",,183
7475,PORTER Van,"1994-07","2004-04",183
4712,SANTA FÉ I (SM),"2000-11","2006-03",183
5600,SANTA FÉ II (CM),"2005-01","2015-03",183
10515,"SANTA FÉ III (DM, DMA)","2012-09","2018-12",183
4740,SANTAMO,"1998-10","2002-12",183
1298,S COUPE (SLC),"1990-02","1996-05",183
1299,SONATA II (Y-2),"1988-09","1993-12",183
1300,SONATA III (Y-3),"1992-07","2000-12",183
3682,SONATA IV (EF),"1998-03","2005-12",183
5426,SONATA V (NF),"2004-08","2014-11",183
4847,SONATA VI (YF),"2009-06","2015-12",183
14965,SONATA VII (LF),"2014-03","2023-06",183
4836,TERRACAN (HP),"2001-02","2008-03",183
7479,TIBURON Coupe,"2001-01","2008-12",183
11212,TIBURON Coupe,"1996-01","2001-12",183
4627,TRAJET (FO),"1999-01","2008-07",183
5157,TUCSON (JM),"2004-06","2019-12",183
14316,"TUCSON (TL, TLE)","2015-05","2023-05",183
9575,VELOSTER (FS),"2011-03","2017-12",183
4096,XG (XG),"1998-12","2005-12",183
10891,BESTA Bus,"1986-07","2003-12",184
4025,BESTA Van,"1993-01","2005-12",184
5602,CARENS III MPV (UN),"2006-05","2013-12",184
4739,"CARENS I MPV (FC, FJ)","1998-09","2007-05",184
11139,CARENS IV,"2013-01",,184
5607,NUBIRA Wagon (J200),"2003-07",,185
5604,CARNIVAL / GRAND CARNIVAL III (VQ),"2005-09","2015-06",184
4349,"CARNIVAL I (UP, FL)","1998-06","2001-10",184
4844,CARNIVAL II (GQ),"1999-01","2007-09",184
10192,CEE'D (JD),"2012-05","2018-07",184
5626,CEE'D Hatchback (ED),"2006-12","2012-12",184
10750,CEE'D Sportswagon (JD),"2012-09","2018-07",184
6234,CEE'D SW (ED),"2007-07","2012-12",184
5116,CERATO I Hatchback (LD),"2004-03","2010-12",184
11578,CERATO III Saloon (YD),"2012-09","2019-09",184
5115,CERATO I Saloon (LD),"2004-04","2011-12",184
13626,CERATO KOUP III (YD),"2013-12",,184
1580,CLARUS (K9A),"1995-10","2001-11",184
3951,CLARUS Estate (GC),"1997-06","2000-10",184
4598,JOICE (MTE1P),"2000-02","2003-09",184
5129,K2500 Platform/Chassis (SD),"2001-06",,184
5495,K2700 (SD),"1999-10",,184
8613,K2900,"2008-01",,184
4792,"MAGENTIS I (GD, MS)","2001-05","2007-04",184
5494,MAGENTIS II (MG),"2005-10","2011-04",184
4986,OPIRUS (GH),"2003-06","2012-10",184
10163,OPTIMA (FSGDS6B),"2010-01","2017-04",184
14969,OPTIMA (JF),"2015-09",,184
5128,PICANTO I (SA),"2004-04","2012-05",184
9134,PICANTO II (TA),"2011-05","2018-04",184
7630,PREGIO Bus,"1995-08","2010-04",184
4144,PREGIO Van (TB),"1997-10",,184
1547,PRIDE (DA),"1990-01","2011-12",184
4348,PRIDE Estate,"1998-08","2001-05",184
6449,PRO CEE'D (ED),"2008-02","2013-02",184
10751,PRO CEE'D (JD),"2013-03","2018-07",184
4595,RETONA Closed Off-Road Vehicle (FK),"1999-06","2001-12",184
4645,RIO I Hatchback (DC),"2000-07","2006-04",184
5436,RIO II (JB),"2005-03","2011-12",184
9697,RIO III (UB),"2011-09","2017-12",184
10575,RIO III Saloon (UB),"2010-09","2017-12",184
5435,RIO II Saloon (JB),"2005-03","2011-12",184
4750,RIO I Saloon (DC_),"2000-07","2006-04",184
4352,ROADSTER (DB63),"1999-08",,184
1581,SEPHIA (FA),"1995-01","1997-10",184
1301,SEPHIA Saloon (FA),"1992-01","2001-09",184
3565,SHUMA I (FB),"1996-09","2002-02",184
4794,SHUMA II (FB),"2001-05","2007-12",184
4793,SHUMA II Saloon (FB),"2001-05","2004-05",184
3564,SHUMA Saloon (FB),"1996-03","2001-10",184
4938,SORENTO I (JC),"2002-08","2011-12",184
8258,SORENTO II (XM),"2009-09","2016-04",184
13620,SORENTO III (UM),"2015-01","2023-02",184
7593,SOUL I (AM),"2009-01","2014-12",184
12796,SOUL II (PS),"2014-02","2019-04",184
5394,"SPORTAGE II (JE_, KM_)","2004-09","2011-05",184
8751,SPORTAGE III (SL),"2009-09","2017-07",184
1302,SPORTAGE SUV (K00),"1994-04","2005-04",184
8257,VENGA (YN),"2010-02","2019-03",184
1303,ESPERO (KLEJ),"1991-10","1999-09",185
4973,EVANDA (KLAL),"2002-08",,185
4950,KALOS (KLAS),"2002-09",,185
6057,KALOS Saloon (KLAS),"2002-11","2004-12",185
4086,KORANDO (KJ),"1998-11",,185
4087,KORANDO Cabrio (KJ),"1999-02",,185
5046,LACETTI Hatchback (KLAN),"2002-02",,185
3512,LANOS (KLAT),"1997-04",,185
3410,LANOS Saloon (KLAT),"1997-02",,185
3413,LEGANZA (KLAV),"1997-03","2004-04",185
6088,MAGNUS,"1999-07",,185
3890,"MATIZ (M100, M150)","1998-09",,185
8585,MATIZ Hatchback Van (KLA4),"1998-08","2002-08",185
4085,MUSSO (FJ),"1998-07",,185
1304,NEXIA,"1995-02","1997-08",185
1305,NEXIA Saloon,"1995-02","2008-06",185
3411,NUBIRA (J100),"1997-04",,185
3513,NUBIRA Saloon (J100),"1997-04",,185
4979,NUBIRA Saloon (J200),"2003-07",,185
3412,NUBIRA Wagon (J100),"1997-04",,185
4925,REXTON (GAB_),"2002-04",,185
4642,TACUMA (U100),"2000-06",,185
1306,TICO (KLY3),"1995-02","2000-12",185
1309,"353","1966-06","1991-05",186
3478,"353 Tourist","1967-10","1991-05",186
1308,"1.1","1990-05","1991-12",187
1707,"1.1 Tramp","1990-05","1991-12",187
1708,"1.1 Universal","1990-12","1991-12",187
1307,P 601,"1966-01","1990-04",187
1705,P 601 Tramp,"1966-10","1990-04",187
1704,P 601 Universal,"1966-01","1990-04",187
1706,P 601 Van,"1966-07","1990-04",187
4209,"428 Convertible","1965-01","1974-12",609
4208,"428 Fastback","1967-01","1974-12",609
4210,ACE,"1995-01","1998-10",609
4211,ACE,"1998-10",,609
4212,ACECA,"1992-01","2001-12",609
4213,COBRA IV,"1990-01",,609
4207,ME,"1979-01","1986-12",609
1402,"208/308 Coupe","1974-09","1989-10",700
1410,"328 GTB","1985-09","1989-09",700
2078,"328 GTS","1985-09","1989-09",700
10130,"348 Spider","1993-03","1995-12",700
1413,"348 tb/GTB","1990-02","1994-04",700
2083,"348 ts/GTS","1988-09","1995-12",700
4182,"360 (F131)","1999-03","2005-03",700
1096,"360 Spider (F131)","2000-02","2005-08",700
1414,"365 GT 2+2","1967-06","1971-04",700
3480,"365 GTB/4 DAYTONA","1969-02","1974-12",700
2081,"365 GTS/4 DAYTONA","1967-09","1974-12",700
1408,"400 i","1979-05","1985-03",700
1412,"412 i","1985-04","1988-12",700
1403,"456 GT/GTA","1993-01","2004-06",700
8548,"458","2009-12",,700
10175,"458 Spider","2009-12",,700
14156,"488 GTB (F142M)","2015-04",,700
14900,"488 Spider","2015-10",,700
1569,"5__ MARANELLO","1996-04","2006-12",700
1416,"512 BB","1976-08","1984-08",700
1405,"512 M","1994-11","1996-08",700
1404,"512 TR","1992-01","1994-10",700
4729,"550 BARCHETTA","2000-10","2005-01",700
5565,"599 GTB/GTO","2006-06",,700
11571,"599 SA","2010-09",,700
5100,"612 SCAGLIETTI","2004-04","2011-06",700
7589,CALIFORNIA,"2008-07",,700
1411,DINO GT (206/246),"1966-09","1973-10",700
1444,DINO GT4 (208/308),"1973-02","1980-06",700
2076,DINO GTS (206/246),"1968-09","1973-12",700
5144,ENZO FERRARI,"2002-10","2003-12",700
10560,F12 Berlinetta (F152),"2012-09",,700
1415,F355 Berlinetta,"1994-05","1999-03",700
2082,F355 Spider,"1994-05","2000-12",700
1407,F40,"1988-02","1992-06",700
5211,F430,"2005-03","2009-12",700
5399,F430 Spider,"2005-05","2009-12",700
10176,FF,"2011-06","2016-12",700
13031,LaFERRARI (F150),"2013-06",,700
1409,MONDIAL,"1980-07","1993-12",700
2077,MONDIAL Convertible,"1983-03","1993-12",700
8101,SUPERAMERICA,"2005-01","2006-04",700
1406,TESTAROSSA,"1984-05","1991-12",700
11494,AVENTADOR Coupe,"2011-03",,701
11487,AVENTADOR Targa,"2013-04",,701
4287,COUNTACH,"1974-01","1991-12",701
4288,DIABLO,"1990-01",,701
4289,DIABLO Roadster,"1995-09","2000-12",701
4290,ESPADA,"1968-01","1981-12",701
4994,GALLARDO,"2003-08",,701
5527,GALLARDO SPYDER,"2005-08",,701
12856,HURACÁN,"2014-05",,701
4291,JALPA,"1982-01","1987-12",701
4292,JARAMA,"1968-01","1976-12",701
4293,LM-001,"1980-01","1983-12",701
4294,LM-002,"1983-01","1992-12",701
4295,MIURA,"1966-06","1973-12",701
4843,MURCIÉLAGO,"2001-11",,701
5164,MURCIÉLAGO Roadster,"2004-08",,701
11496,REVENTON,"2007-09","2009-03",701
4296,URRACO,"1974-01","1981-12",701
14902,VENENO,"2013-09",,701
11843,CORNICHE II Convertible,"1985-09","1989-12",705
4619,CORNICHE V Convertible,"2000-01","2002-09",705
14945,DAWN (RR6),"2015-11",,705
8948,GHOST I (RR4),"2009-12","2020-03",705
4997,PHANTOM VII (RR1),"2003-01","2017-07",705
8973,PHANTOM VII Coupe (RR3),"2008-06","2017-07",705
8949,PHANTOM VII Drophead Coupe (RR2),"2007-06","2017-07",705
4376,SILVER SERAPH,"1998-03","2002-09",705
11480,WRAITH (RR5),"2013-08",,705
1417,"228","1986-08","1993-06",771
3957,"3200 GT Coupe","1998-10","2002-03",771
4878,"4200 GT / COUPE Coupe","2002-03","2007-12",771
4831,"4200 GT SPYDER Convertible","2001-10",,771
1419,"BITURBO (69, 78, AF3, AM 332)","1984-06","1994-12",771
1421,BITURBO Coupe (AM 331),"1981-12","1993-06",771
1422,BITURBO Spyder (AM 333),"1985-07","1994-12",771
1423,BORA,"1971-01","1983-12",771
3481,GHIBLI,"1967-01","1973-12",771
1433,GHIBLI II,"1992-04","1997-12",771
11517,GHIBLI III (M157),"2013-08",,771
3865,GHIBLI Spider,"1967-01","1973-12",771
10221,GRANCABRIO,"2010-03",,771
6023,GRANSPORT Convertible,"2004-10",,771
6022,GRANSPORT Coupe,"2004-06","2007-12",771
7594,GRAN TURISMO I,"2007-09",,771
1424,INDY,"1967-01","1975-12",771
1425,KARIF,"1988-04","2000-06",771
1426,KHAMSIN,"1972-01","1982-12",771
1427,KYALAMI,"1976-04","1985-12",771
5166,MC 12,"2004-08",,771
1428,MERAK,"1975-05","1983-12",771
1429,MEXICO,"1964-09","1975-12",771
1430,QUATTROPORTE II,"1974-10","1978-12",771
13179,QUATTROPORTE III,"1979-01","1990-12",771
1431,QUATTROPORTE IV,"1994-03","2001-05",771
5108,QUATTROPORTE V,"2004-03",,771
11569,QUATTROPORTE VI,"2012-11",,771
1432,SHAMAL,"1989-09","1995-11",771
6156,SPYDER Convertible,"1986-01","1996-09",771
4365,KITTEN,"1975-01","1983-12",773
4366,KITTEN Station Wagon,"1975-01","1983-12",773
4367,REBEL,"1968-01","1973-12",773
11733,RIALTO Hatchback,"1981-01","1998-12",773
4371,SCIMITAR Cabriolet,"1980-01","1985-12",773
4372,SCIMITAR Roadster,"1985-01","1992-12",773
4369,SCIMITAR SABRE Roadster,"1992-01","1995-12",773
4370,SCIMITAR Station Wagon,"1968-01","1986-12",773
3526,BONNEVILLE Saloon,"1986-09","1991-12",774
2008,FIREBIRD,"1981-09","1992-10",774
2084,FIREBIRD Convertible (FS67),"1993-01","2002-12",774
2010,PHOENIX,"1976-04","1981-12",774
2009,PHOENIX Coupe,"1979-04","1984-12",774
2011,SUNBIRD Coupe,"1975-10","1981-12",774
1914,TRANS SPORT,"1997-03","1999-12",774
1913,TRANS SPORT (UM06),"1989-07","1997-12",774
3856,"125P","1967-10","1992-08",775
3857,"125P Estate","1967-10","1992-08",775
3858,"126P","1972-07","2000-09",775
3859,"127P","1969-10","1976-10",775
3860,"132P","1974-01","1978-09",775
3861,POLONEZ I,"1977-10","1991-12",775
3862,POLONEZ II,"1988-08","1992-08",775
3876,POLONEZ III,"1992-09","2005-01",775
3877,POLONEZ III Saloon,"1992-09","2002-03",775
3518,AEROSTAR,"1985-09","1997-12",776
6262,BRONCO,"1977-10","1980-09",776
3519,BRONCO II,"1983-09","1990-08",776
6812,CONTOUR,"1997-09","2000-08",776
13596,EDGE,"2014-01",,776
10912,EDGE (U387),"2006-01",,776
6815,ESCAPE,"2001-01","2013-07",776
6821,ESCORT Saloon,"1991-09","1996-05",776
6307,EXPEDITION,"1996-08","2002-09",776
6825,EXPEDITION,"2002-10","2006-02",776
11335,EXPEDITION,"2006-09",,776
2019,"EXPLORER (U2, U_)","1994-09","2003-04",776
10958,EXPLORER (U251),"2006-01","2010-12",776
10234,EXPLORER (U5_),"2010-10",,776
10959,EXPLORER (UN46),"1990-10","1994-12",776
6829,F-150,"2003-10","2007-12",776
7007,F-150,"2007-10",,776
11669,F-150 Crew Cab Pickup,"2003-09","2008-12",776
11975,F-150 Crew Cab Pickup,"2008-09",,776
13209,F-150 Crew Cab Pickup,"2014-09",,776
10400,F-150 Extended Cab Pickup,"2008-09",,776
13211,F-150 Extended Cab Pickup,"2014-09",,776
10809,F-150 Standard Cab Pickup,"2008-09",,776
13208,F-150 Standard Cab Pickup,"2014-09",,776
5634,MUSTANG Convertible,"2005-09",,776
10945,MUSTANG Convertible,"1978-11","1993-12",776
13371,MUSTANG Convertible,"2014-02",,776
1917,MUSTANG Convertible (C),"1993-09","2004-12",776
5633,MUSTANG Coupe,"2004-12",,776
11356,MUSTANG Coupe,"1978-11","1993-12",776
13370,MUSTANG Coupe,"2014-02","2023-04",776
1916,MUSTANG Coupe (C),"1993-09","2004-12",776
4602,PROBE I,"1988-08","1993-07",776
2020,PROBE II (ECP),"1992-09","1998-03",776
1918,TAURUS (P5_),"1995-09","1999-12",776
1919,TAURUS Wagon (P5_),"1995-06","1999-12",776
1920,WINDSTAR (A3),"1995-01","2004-08",776
5476,GEN 2 (CM_),"2004-06",,778
5216,IMPIAN,"2001-09",,778
5477,JUMBUCK Pickup,"2002-02","2008-12",778
1511,PERSONA 300 (C9_M),"1996-03","2004-07",778
1471,PERSONA 400 (C9_S),"1994-01","2008-02",778
1470,"PERSONA 400 Hatchback (C9_C, C9_S)","1994-01","2008-02",778
5217,SATRIA (C9_M),"1995-07","2007-06",778
5218,WIRA,"1993-05",,778
5219,WIRA Hatchback (C9_L),"1994-01","2007-06",778
4230,EB 110,"1991-09","1996-12",788
4796,VEYRON EB 16.4,"2003-10","2012-12",788
10177,VEYRON Grand Sport EB 16.4,"2009-03",,788
1600,A 111,"1969-08","1972-11",799
1601,A 112,"1969-10","1986-12",799
7560,BIANCHINA Berlina,"1962-01","1969-12",799
7558,BIANCHINA Convertible,"1960-01","1969-12",799
7557,BIANCHINA Coupe,"1957-01","1962-12",799
7559,BIANCHINA Estate,"1960-01","1969-12",799
7561,PRIMULA Berlina,"1964-01","1970-12",799
7562,PRIMULA Coupe,"1964-01","1970-12",799
4822,Y10,"1985-03","1995-10",799
8942,"2 ELEVEN","2007-04","2011-07",802
3593,ECLAT,"1975-09","1986-08",802
3597,ELAN,"1989-09","1995-11",802
3598,ELISE,"1995-08","2001-01",802
4744,ELISE,"2000-11",,802
4608,ELISE 340 R,"2000-02","2001-02",802
3592,ELITE,"1974-05","1982-12",802
3594,ESPRIT S2,"1975-09","1988-08",802
3595,ESPRIT S3,"1980-05","1989-05",802
3601,ESPRIT S4 (082),"1988-09","2004-12",802
3599,EUROPA,"1966-10","1970-10",802
3600,EUROPA,"1970-05","1976-04",802
5621,EUROPA S,"2006-07",,802
8051,EVORA,"2009-05",,802
3596,EXCEL,"1983-10","1991-08",802
11026,EXIGE,"2012-06",,802
4919,EXIGE (SCC_),"2000-05","2012-06",802
12831,"3-WHEELER","2014-05",,803
4639,AERO 8 Convertible,"2000-10",,803
10219,AERO Coupe,"2012-10",,803
11495,AEROMAX Coupe,"2007-03","2009-08",803
8955,AERO SUPERSPORTS,"2010-03",,803
4414,FOUR FOUR,"1968-01",,803
4416,PLUS EIGHT,"1968-01",,803
4415,PLUS FOUR,"1985-01","2020-02",803
8953,ROADSTER Convertible,"2004-01",,803
4312,ANADOL,"1967-01","1982-12",808
4313,ANADOL Estate,"1967-01","1982-12",808
4314,TAUNUS,"1989-01","1994-10",808
1610,"1300","1970-01","1975-12",810
3928,"1600","1969-01","1975-12",810
1609,A110 I,"1966-01","1970-12",810
1611,A310,"1971-01","1984-12",810
1613,A610,"1991-01","1995-04",810
1612,BERLINETTE,"1976-01","1977-12",810
3488,V6,"1985-01","1992-03",810
1783,"04","1962-01","1968-12",812
1785,"04 Convertible","1962-05","1968-12",812
1787,"1700","1955-02","1969-12",812
1779,GOGGOMOBIL,"1954-01","1969-12",812
1780,GOGGOMOBIL Coupe,"1957-02","1969-12",812
2090,GT Convertible,"1964-01","1968-12",812
1781,ISAR,"1958-08","1967-04",812
1782,ISAR Estate,"1959-01","1968-12",812
2089,V 8,"1966-02","1967-08",812
1856,"2140","1976-03","1988-10",813
1850,"2141","1989-05","2001-12",813
1852,"403","1962-03","1968-09",813
1854,"407","1958-08","1969-09",813
1848,"412","1971-03","1988-10",813
1853,"423 Estate","1959-08","1965-09",813
1851,"427 Estate","1975-01","1979-09",813
1849,ASLK 2137 Estate,"1976-07","2001-12",813
1847,ASLK 2140,"1976-03","1988-10",813
4460,ARNAGE (RBS_),"1998-03","2013-12",815
4929,AZURE,"1995-09","2006-06",815
5583,AZURE II (RBS_),"2006-06",,815
14812,BENTAYGA (4V1),"2015-10",,815
5910,BROOKLANDS,"1992-07","1997-09",815
8963,BROOKLANDS Coupe (RBS_),"2008-03",,815
4930,CONTINENTAL,"1991-10","2002-12",815
6415,"CONTINENTAL Convertible (3W_, 394)","2006-06","2018-11",815
5093,"CONTINENTAL Coupe (3W_, 393)","2003-06","2018-07",815
5416,CONTINENTAL FLYING SPUR (3W_),"2005-03","2013-12",815
5990,EIGHT,"1984-07","1992-09",815
11490,FLYING SPUR (4W_),"2013-03",,815
6098,MULSANNE,"1980-10","1992-09",815
8950,MULSANNE (3Y_),"2009-09","2020-12",815
6191,TURBO R,"1985-03","1998-02",815
6638,CENTURY Coupe (4A_),"1981-09","1996-12",816
5941,CENTURY Estate (4_35),"1981-09","1996-12",816
6639,CENTURY Estate (A),"1977-09","1981-12",816
1986,CENTURY Saloon,"1977-09","1981-12",816
5938,CENTURY Saloon,"1981-05","1996-12",816
6640,CENTURY Saloon,"1996-10","2005-02",816
5993,ELECTRA,"1975-09","1984-12",816
5995,ELECTRA,"1984-10","1991-09",816
4094,LESABRE,"1999-01",,816
6073,LESABRE,"1985-10","1991-09",816
6074,LESABRE,"1991-10","1995-09",816
3503,PARK AVENUE,"1990-10","1996-10",816
5815,PARK AVENUE,"1996-10","2005-12",816
6120,REGAL,"1987-10","1991-09",816
6121,REGAL,"1988-09","1997-09",816
6125,ROADMASTER Estate,"1990-10","1996-12",816
9560,SKYLARK,"1991-09","1999-12",816
14513,SKYLARK,"1984-09","1991-12",816
1985,SKYLARK (N),"1979-04","1985-12",816
5860,ALLANTE Convertible (V),"1985-09","1993-09",819
5861,ALLANTE Coupe (V),"1991-01","1993-09",819
11211,ATS,"2013-02",,819
13025,ATS Coupe,"2013-02",,819
6398,BLS,"2006-04",,819
6721,BLS Wagon,"2007-12",,819
14831,CT6,"2015-11","2020-12",819
4861,CTS,"2002-03","2007-12",819
6723,CTS,"2007-07",,819
11758,CTS,"2013-09",,819
9018,CTS Coupe,"2008-01",,819
13022,CTS Coupe,"2013-09",,819
9019,CTS Sport Wagon,"2008-01",,819
5982,DEVILLE,"1989-09","1993-09",819
5983,DEVILLE,"1993-09","1999-09",819
5984,DEVILLE,"1999-09","2005-12",819
4599,ELDORADO Coupe,"1991-09","2002-09",819
5992,ELDORADO Coupe,"1987-10","1991-09",819
3900,ESCALADE,"1998-10","2006-12",819
7396,ESCALADE,"2006-10","2014-12",819
14112,ESCALADE,"2014-09",,819
6005,FLEETWOOD Saloon,"1992-09","1997-09",819
14567,FLEETWOOD Saloon,"1988-09","1993-12",819
4585,SEVILLE,"1997-09","2004-09",819
1987,SEVILLE II (K),"1985-09","1991-12",819
5161,SRX,"2003-09","2009-12",819
9561,SRX,"2009-01","2016-12",819
5478,STS,"2004-09","2007-12",819
13178,STS,"2007-09","2012-12",819
5121,XLR,"2003-09","2009-09",819
4331,METRO,"1988-09","1998-12",831
4333,METRO Convertible,"1989-01","1998-12",831
4332,METRO Saloon,"1989-01","1998-12",831
4334,STORM Coupe,"1989-01","1991-03",831
4336,STORM Coupe,"1991-04","1993-12",831
4335,STORM Hatchback,"1989-01","1991-03",831
4337,STORM Hatchback,"1991-04","1993-12",831
4338,TRACKER Cabrio,"1988-01","1998-12",831
4339,TRACKER Station Wagon,"1988-01","1998-12",831
9014,CT (ZWA10_),"2010-12",,842
9630,ES (_V4_),"2006-03","2012-12",842
11183,ES (_V6_),"2012-06","2018-06",842
4245,"ES (VCV10_, VZV21_)","1989-09","1997-12",842
10095,GS (_L1_),"2011-08",,842
4690,GS (_S16_),"1997-08","2004-12",842
5433,GS (_S19_),"2005-01","2012-12",842
4246,GS (JZS147_),"1993-01","1997-08",842
9578,"GX (URJ15_, GRJ15_)","2009-11",,842
9050,HS (ANF10),"2009-07","2018-01",842
8175,IS C (GSE2_),"2009-04",,842
4247,IS I (_E1_),"1999-04","2005-07",842
5465,IS II (_E2_),"2005-08","2013-04",842
11227,IS III (_E3_),"2013-04",,842
4839,IS SportCross (_E1_),"2001-10","2005-10",842
8961,LFA (LFA10_),"2010-12","2012-11",842
4248,LS (_F1_),"1989-09","1995-12",842
4691,LS (_F2_),"1994-10","2000-12",842
4738,LS (_F3_),"2000-08","2006-08",842
6742,LS (_F4_),"2006-04",,842
9078,LX (UZJ100),"1997-09","2008-03",842
12998,NX (_Z1_),"2014-07",,842
11956,RC (_C1_),"2014-08",,842
8136,RX (_L1_),"2008-12","2015-10",842
14797,RX (_L2_),"2015-10",,842
5001,RX (_U3_),"2003-02","2008-12",842
4347,RX (MCU15),"1998-01","2003-05",842
4765,SC Convertible (UZZ40_),"2001-01","2010-07",842
4386,CLUB,"1992-01","1999-06",845
4387,CLUB II,"1999-01",,845
4388,MONTE CARLO,"1998-01",,845
4389,TRACK,"1992-01","1997-10",845
4858,BREEZE,"1995-12","2001-04",850
4856,NEON II Saloon,"1999-08",,850
4850,NEON Saloon,"1994-05","1999-08",850
6676,SUNDANCE Coupe,"1986-03","1994-09",850
6677,SUNDANCE Saloon,"1986-03","1994-09",850
4863,VOYAGER / GRAND VOYAGER,"1995-01","2001-03",850
6678,VOYAGER / GRAND VOYAGER,"1983-09","1990-09",850
4315,"118 NE","1985-01","2001-12",851
4316,PADMINI,"1990-01","2000-05",851
4504,"1300","1971-01","1973-12",861
4505,"1600","1972-01","1975-12",861
4506,"2500","1972-01","1977-12",861
4520,"280 Convertible","1983-01","1986-12",861
4519,"280 Coupe","1983-01","1986-12",861
4507,"3000 Coupe","1972-01","1980-12",861
4522,"350 Convertible","1983-01","1989-12",861
4521,"350 Coupe","1983-01","1989-12",861
4523,"390","1984-01","1989-12",861
4524,"400","1989-01","1993-12",861
4525,"420 Convertible","1985-01","1989-12",861
4526,"420 Sports Saloon","1985-01","1989-12",861
4527,"450","1989-01","1993-12",861
4510,CERBERA,"1996-01","2003-10",861
4511,CHIMAERA,"1992-11","2003-10",861
4512,GRIFFITH (TCT),"1990-01","2002-03",861
4529,S,"1986-01","1996-12",861
4513,SPEED EIGHT,"1989-01","1992-12",861
4514,TAIMAR,"1976-01","1980-12",861
4515,TASMIN Coupe,"1980-01","1984-12",861
4516,TUSCAN I Coupe,"1969-01","1971-12",861
4517,TUSCAN II Roadster,"1998-01","2006-12",861
4530,VIXEN,"1967-01","1971-12",861
4121,B10 (E34),"1988-04","1995-04",866
4123,B10 (E39),"1996-12","2004-05",866
4122,B10 Touring (E34),"1993-11","1996-04",866
4124,B10 Touring (E39),"1997-01","2004-05",866
4126,B11 (E32),"1987-01","1994-02",866
4127,B12 (E32),"1988-07","1994-01",866
4128,B12 (E38),"1995-12","2001-07",866
4129,B12 Coupe (E31),"1990-06","1996-12",866
4102,B3 (E30),"1987-09","1992-06",866
4105,B3 (E36),"1993-04","1999-05",866
4191,B3 (E46),"1999-03","2006-01",866
9020,B3 (E90),"2007-09","2013-05",866
11913,B3 (F30),"2013-03","2018-08",866
4104,B3 Convertible (E30),"1987-09","1992-06",866
4108,B3 Convertible (E36),"1993-04","1999-03",866
4776,B3 Convertible (E46),"1999-03","2005-12",866
9021,B3 Convertible (E93),"2007-09","2013-05",866
4107,B3 Coupe (E36),"1996-04","1999-03",866
4476,B3 Coupe (E46),"1999-03","2006-01",866
9022,B3 Coupe (E92),"2007-09","2014-02",866
4103,B3 Touring (E30),"1987-09","1992-06",866
4106,B3 Touring (E36),"1993-04","1999-03",866
4637,B3 Touring (E46),"1999-03","2006-01",866
9023,B3 Touring (E91),"2007-09","2013-05",866
11915,B3 Touring (F31),"2013-03","2019-06",866
11917,B4 Convertible (F33),"2014-03",,866
11916,B4 Coupe (F32),"2014-03",,866
5408,B5 (E60),"2005-03","2010-09",866
10170,B5 (F10),"2010-09","2016-12",866
5409,B5 Estate (E61),"2005-03","2010-09",866
10171,B5 Estate (F11),"2010-09","2016-12",866
4109,B6 (E21),"1978-03","1983-03",866
4110,B6 (E30),"1983-11","1990-12",866
4111,B6 (E36),"1992-03","1993-07",866
9741,B6 Convertible (E64),"2006-04","2010-08",866
9844,B6 Convertible (F12),"2011-09","2016-03",866
9843,B6 Coupe (E63),"2006-04","2010-08",866
9845,B6 Coupe (F13),"2011-09","2016-03",866
11919,B6 Gran Coupe (F06),"2014-04","2016-03",866
4112,B7 (E12),"1978-12","1982-05",866
4113,B7 (E28),"1984-04","1987-12",866
5131,B7 (E65),"2003-12","2008-12",866
8275,"B7 (F01, F02)","2009-03","2016-01",866
4114,B7 Coupe (E24),"1978-12","1988-06",866
4115,B8 (E36),"1995-01","1998-03",866
4118,B8 Convertible (E36),"1995-01","1998-11",866
4117,B8 Coupe (E36),"1995-01","1998-03",866
4116,B8 Touring (E36),"1995-01","1998-03",866
4119,B9 (E28),"1981-11","1985-12",866
4120,B9 Coupe (E24),"1982-07","1985-12",866
4098,C1 (E21),"1980-03","1983-07",866
4099,C1 (E30),"1983-08","1988-06",866
4100,C2 (E30),"1985-07","1988-03",866
4101,C2 Convertible (E30),"1986-02","1987-07",866
4173,D10 (E39),"2000-04","2003-10",866
4475,D10 Touring (E39),"2000-04","2003-10",866
9024,D3 (E90),"2005-12","2014-02",866
11922,D3 (F30),"2013-07","2018-07",866
9026,D3 Coupe (E92),"2008-07","2013-05",866
9025,D3 Estate (E91),"2005-12","2013-05",866
11923,D3 Estate (F31),"2013-07","2018-07",866
13200,D4 Convertible (F33),"2014-09",,866
13199,D4 Coupe (F32),"2014-09",,866
9742,D5 (F10),"2011-09","2016-12",866
9744,D5 Touring (F11),"2011-09","2016-12",866
4134,RLE Roadster (Z1),"1990-08","1991-09",866
5132,ROADSTER S (E85),"2003-07","2005-12",866
4845,ROADSTER V8 (E52),"2002-06","2003-10",866
11921,XD3 (F25),"2013-04","2018-06",866
1927,HI-TOPIC (AM715),"1993-06","1999-12",879
10839,ROCSTA Closed Off-Road Vehicle (AM102),"1989-11","1998-12",879
1912,ROCSTA Open Off-Road Vehicle (AM102),"1989-11","1999-12",879
9027,CYGNET,"2011-04","2013-10",881
1944,DB6 Vantage,"1964-10","1970-12",881
1945,DB6 Volante,"1964-10","1970-12",881
1958,DB7 Vantage,"1994-01","2003-10",881
1959,DB7 Volante,"1995-11","2003-10",881
5091,DB9 Vantage,"2004-01","2016-10",881
5092,DB9 Volante,"2004-04","2016-10",881
1946,DBS Vantage,"1966-01","1972-12",881
8926,DBS Vantage,"2007-09",,881
8928,DBS Volante,"2007-09",,881
1947,LAGONDA I,"1976-01","1997-12",881
1948,LAGONDA I Shooting Brake,"1976-01","1997-12",881
9542,ONE-77,"2010-06","2012-06",881
8544,RAPIDE,"2010-03",,881
1949,TICKFORD CAPRI,"1982-01","1985-12",881
1950,V8 Vantage,"1969-01","1993-02",881
1951,V8 Volante,"1978-01","1989-12",881
4799,VANQUISH Vantage,"2001-05","2007-08",881
10732,VANQUISH Vantage,"2012-10",,881
11586,VANQUISH Volante,"2013-09",,881
6393,VANTAGE Vantage,"2005-10",,881
6394,VANTAGE Volante,"2007-04",,881
1957,VIRAGE Limited Edition Vantage,"1995-01","1995-12",881
1956,VIRAGE Saloon,"1994-01","1995-12",881
1955,VIRAGE Shooting Brake,"1993-01","1995-12",881
1954,VIRAGE Vantage,"1987-04","1992-12",881
3956,VIRAGE Vantage,"1992-10","2000-12",881
9540,VIRAGE Vantage,"2011-02",,881
3914,VIRAGE Volante,"1990-09","2000-12",881
9541,VIRAGE Volante,"2011-02","2014-12",881
1952,ZAGATO Vantage,"1986-01","1989-12",881
10197,ZAGATO Vantage,"2012-05",,881
1953,ZAGATO Volante,"1986-01","1989-12",881
4823,CHEROKEE (KJ),"2001-03","2008-01",882
8075,CHEROKEE (KK),"2007-09",,882
11738,CHEROKEE (KL),"2013-06",,882
6383,CHEROKEE (SJ),"1973-09","1986-09",882
4242,CHEROKEE (XJ),"1983-09","2001-09",882
4591,CJ5 - CJ8,"1966-01","1987-12",882
5486,"COMMANDER (XK, XH)","2005-09","2010-12",882
5605,COMPASS (MK49),"2006-08",,882
4243,"GRAND CHEROKEE I (ZJ, ZG)","1991-09","1999-04",882
4244,"GRAND CHEROKEE II (WJ, WG)","1998-09","2005-09",882
5438,"GRAND CHEROKEE III (WH, WK)","2004-10","2011-10",882
9072,"GRAND CHEROKEE IV (WK, WK2)","2010-06",,882
6740,PATRIOT (MK74),"2007-02","2017-12",882
13019,"RENEGADE SUV (BU, B1, BV)","2014-07",,882
7530,WILLYS,"1950-01","1958-12",882
4240,"WRANGLER I (YJ, SJ_)","1986-08","1996-08",882
4241,WRANGLER II (TJ),"1996-08","2008-12",882
7574,WRANGLER III (JK),"2006-06",,882
4390,"130 Roadster","1997-01",,907
11682,SE / SEVEN,"1980-01",,907
4391,ZE,"1993-01","1997-12",907
8937,"800","1986-01","2006-12",908
872,CABRIO (450),"2000-03","2004-01",1138
3401,CITY-COUPE (450),"1998-07","2004-01",1138
4883,CROSSBLADE (450),"2002-06","2003-12",1138
5075,FORFOUR (454),"2004-01","2006-06",1138
13050,FORFOUR Hatchback (453),"2014-07",,1138
5150,FORTWO Cabrio (450),"2004-01","2007-01",1138
6228,FORTWO Cabrio (451),"2007-01",,1138
14632,FORTWO Convertible (453),"2015-09",,1138
5149,FORTWO Coupe (450),"2004-01","2007-02",1138
6227,FORTWO Coupe (451),"2007-01",,1138
13049,FORTWO Coupe (453),"2014-07",,1138
4959,ROADSTER (452),"2003-04","2005-11",1138
4960,ROADSTER Coupe (452),"2003-04","2005-11",1138
3409,TAVRIA (1102),"1987-01","2007-12",1139
3525,CUTLASS SUPREME Coupe,"1987-09","1997-12",1141
6858,CONTINENTAL TOWN CAR,"1993-01","2002-12",1200
3554,LS,"1998-05",,1200
6860,NAVIGATOR (UN173),"1997-05","2002-12",1200
9712,TOWN CAR II,"1990-10","1997-12",1200
9713,TOWN CAR III,"1996-11","2011-12",1200
3982,CJ 3,"1988-10","1997-05",1280
4358,CJ 3 Wagon,"1988-10",,1280
5952,CJ5,"1987-10","2016-12",1280
4174,"10","1980-06","2006-10",1360
4079,"240-244","1978-04","2006-12",1360
4220,SPARTANA Pick Up,"1997-01","2006-10",1360
6711,"400","1996-10",,1480
6707,"500 Hatchback","1997-12",,1480
6708,A.721,"2005-01",,1480
6709,A.741,"2005-01",,1480
6710,A.751,"2005-01",,1480
11661,CITY,"2012-01","2016-12",1480
9871,CROSSLINE,"2012-01","2016-12",1480
11659,CROSSOVER,"2012-01",,1480
12870,D-TRUCK Pickup,"2012-01",,1480
12871,D-TRUCK Platform/Chassis,"2014-05",,1480
12868,D-TRUCK Van,"2014-05",,1480
13963,ROADLINE,"2009-09","2012-07",1480
4222,FREECLIMBER,"1989-06","1993-12",1485
4223,FREECLIMBER 2,"1992-03","1999-12",1485
4228,TYPE 3 Convertible,"1987-02","1992-06",1486
4229,"411 Saloon","1969-01","1976-12",1487
4232,C12 Convertible,"1998-03","2003-09",1488
4231,C12 Coupe,"1998-03","2003-09",1488
4234,FL2,"1967-01","1989-12",1489
4235,FX4,"1959-01","1989-12",1489
4237,FX4R,"1982-01","1985-12",1489
4238,FX4S,"1986-01","1989-12",1489
4236,FX FAIRWAY,"1987-01","1996-12",1489
4249,"21 (C2)","1994-01",,1490
4250,"SEVEN (CF, CS)","1980-01",,1490
4251,MARATHON,"1973-01","1982-12",1491
4252,MARATHON Station Wagon,"1973-01","1979-12",1491
4253,TAXICAB,"1973-01","1979-12",1491
4258,FUN,"1994-01","1998-12",1493
4259,DMC-12,"1981-01","1983-12",1494
4320,BIGUA,"1996-01","2002-12",1495
4321,DEAUVILLE,"1972-01","1986-12",1495
4324,LONGCHAMP,"1972-04","1985-01",1495
4325,LONGCHAMP Convertible,"1972-04","1979-09",1495
4326,PANTERA,"1971-01","1997-10",1495
8221,F-150 Pickup,"2003-10","2007-09",1496
8217,MUSTANG Coupe,"2004-09","2014-07",1496
4260,G15,"1967-01","1975-12",1498
4261,G21,"1971-01","1979-12",1498
4262,G23,"1978-01","1988-12",1498
4263,G27,"1997-01","1998-12",1498
4264,G32,"1987-09","1990-12",1498
4265,G33,"1990-01","1995-12",1498
4266,G34,"1995-01","1998-12",1498
4267,G40,"1998-01",,1498
4268,AMBASSADOR,"1958-01",,1499
4269,CONTESSA (MJY),"1984-01","2005-12",1499
4270,PASSPORT,"1994-01","1996-11",1500
4403,INTEGRA Coupe,"1985-01","1990-12",1505
4402,INTEGRA Hatchback,"1985-01","1990-12",1505
4401,INTEGRA Saloon,"1985-01","1990-12",1505
4404,LEGEND,"1986-01","1991-08",1505
4405,LEGEND Coupe,"1987-01","1991-08",1505
4406,LEGEND II,"1991-08","1996-08",1505
4407,LEGEND II Coupe,"1991-08","1996-08",1505
10059,MDX (YD2),"2006-04",,1505
4409,NSX,"1990-01","2005-12",1505
4410,NSX Targa (NA1),"1995-01","2005-12",1505
10305,TSX (CU_),"2009-01",,1505
4277,HUMMER H1,"1992-01","2011-03",1506
4931,HUMMER H2,"2002-08",,1506
5439,HUMMER H2  SUT,"2004-09",,1506
5459,HUMMER H3,"2005-04",,1506
11362,HUMMER H3T,"2008-10",,1506
4271,"3000 Convertible","1999-01",,1507
4254,COUPE,"1997-01",,1508
4256,GT,"1988-01","1990-12",1508
4257,OMEGA Caravan,"1990-01","1996-12",1508
4255,SENATOR,"1990-01","1996-12",1508
4272,COMMENDATORE,"1993-01","2001-06",1509
4273,IMPERATOR,"1991-05","2001-06",1509
4281,GT Coupe,"1975-06","1976-12",1511
4280,HEALEY,"1972-01","1975-12",1511
4282,INTERCEPTOR Mk II,"1969-01","1971-12",1511
4283,INTERCEPTOR MK III,"1971-01","1976-12",1511
4285,INTERCEPTOR S4,"1980-01","1992-12",1511
4284,INTERCEPTOR SP,"1971-01","1973-12",1511
4286,S-V8,"1998-10","2007-05",1511
5138,AMBRA,"1996-12","2006-12",1513
5135,BE UP,"2002-08","2006-12",1513
14195,JS50,"2013-02",,1513
5136,NOVA,"2002-08",,1513
4303,"1600","1969-01","1970-12",1516
4304,"2-3 Litre","1969-01","1991-12",1516
4305,LM,"1994-01","1999-11",1516
4306,LM Convertible,"1994-01","1998-09",1516
4307,MANTA RAY,"1997-08",,1516
4308,MANTA RAY Convertible,"1998-01",,1516
4309,MANTIS,"1971-01","1972-12",1516
4310,MANTIS Convertible,"1997-01",,1516
5487,TS 500,"2002-11","2004-12",1516
5525,TSO Convertible,"2004-05",,1516
5526,TSO GT2,"2004-06",,1516
14090,"540C","2015-04",,1518
14089,"570S","2015-04",,1518
11958,"650S Coupe","2014-04",,1518
11959,"650S Spider","2014-02",,1518
14093,"675LT Coupe","2015-03",,1518
4297,F1,"1993-01","1998-03",1518
4298,LM,"1995-01","1998-03",1518
9103,MP4 Coupe,"2011-04","2014-04",1518
10760,MP4 Spider,"2012-08","2014-04",1518
11957,P1,"2013-03","2015-12",1518
5428,TAXI,"1991-01","2006-05",1520
4413,SCIMITAR GTE,"1988-01","1991-12",1521
8997,TF,"1998-01",,1522
12860,MINI (F55),"2013-09",,1523
11753,MINI (F56),"2013-12",,1523
4768,"MINI (R50, R53)","2001-06","2006-09",1523
7996,MINI (R56),"2005-11","2014-01",1523
14380,MINI CLUBMAN (F54),"2014-11",,1523
6444,MINI CLUBMAN (R55),"2006-10","2015-12",1523
11083,MINI CLUBVAN (R55),"2012-12","2014-06",1523
14829,MINI Convertible (F57),"2014-11",,1523
5088,MINI Convertible (R52),"2004-04","2008-07",1523
8045,MINI Convertible (R57),"2007-10","2015-06",1523
8981,MINI COUNTRYMAN (R60),"2010-08","2016-10",1523
9725,MINI Coupe (R58),"2010-12","2015-05",1523
11216,MINI PACEMAN (R61),"2012-03","2016-10",1523
10090,MINI Roadster (R59),"2011-01","2015-04",1523
7596,EX,"2007-09",,1526
5441,FX,"2002-09","2008-12",1526
10322,FX,"2008-07",,1526
4478,G20,"1990-01","1997-12",1526
8940,G Convertible,"2010-09",,1526
7597,G Coupe,"2007-09",,1526
7598,G Saloon,"2002-08",,1526
10321,G Saloon,"2007-01",,1526
4479,I30,"1997-01",,1526
4480,J30,"1992-01","1997-12",1526
8941,M (Y51),"2010-03",,1526
4482,M30 Convertible,"1990-01","1993-12",1526
4481,M30 Coupe,"1989-01","1993-12",1526
14907,Q30,"2015-11",,1526
4483,Q45 I,"1989-01","1996-12",1526
8930,Q45 II (FY33),"1997-01","2001-01",1526
11419,Q50,"2013-04",,1526
11681,Q60 Convertible,"2013-10",,1526
11680,Q60 Coupe,"2013-08",,1526
11905,Q70 (Y51),"2013-03",,1526
4484,QX4,"1997-01",,1526
11859,QX50 I,"2013-08",,1526
11858,QX70,"2013-08",,1526
4357,"11","1981-01","1997-05",1527
4356,"2500 GT","1999-10",,1529
4341,ROADSTER,"1996-06","2000-12",1530
4317,KALLISTA,"1982-01","1993-09",1531
4318,LIMA,"1976-01","1982-12",1531
4319,SOLO Coupe,"1990-01","1990-12",1531
4354,REKORD,"1972-02","1978-12",1534
4355,REKORD Coupe,"1972-02","1978-12",1534
4359,MAGNUM,"1984-01","1993-01",1536
4373,EQUIPE Coupe,"1967-01","1970-12",1537
4375,EQUIPE Mk. II Convertible,"1968-01","1971-12",1537
4374,EQUIPE Mk. II Coupe,"1968-01","1971-12",1537
12996,"3000 MK.I Convertible","1959-01","1961-12",1538
12992,"3000 MK.III Convertible","1964-03","1971-10",1538
12994,SPRITE MK.I Convertible,"1960-01","1963-01",1538
4451,SPRITE MK.III Convertible,"1964-03","1966-10",1538
12993,SPRITE MK.IV Convertible,"1966-03","1971-10",1538
4467,"4/72","1961-03","1968-10",1539
4465,ELF,"1961-01","1968-10",1539
4466,KESTREL,"1965-03","1969-12",1539
4448,"1300","1961-01","1973-12",1541
4492,"16/60","1961-01","1971-12",1541
4491,"18/85","1969-08","1972-12",1541
4490,HORNET,"1961-01","1970-12",1541
4311,SERIES 1,"1998-01",,1547
4377,D-1,"1990-01","1994-10",1548
4378,MONTANA,"1989-01","1994-10",1548
4379,R42,"1995-06","1997-12",1549
4380,R45,"1995-06","1997-12",1549
4381,GAZEL,"1978-01","1984-12",1550
4393,"31512 Open Off-Road Vehicle","1993-01","2008-11",1553
4394,"3160 Closed Off-Road Vehicle","1994-01","2007-12",1553
9602,"452 Bus (2206_)","1966-08",,1553
9601,"469 / 469 B","1972-12","1993-09",1553
9604,CARGO (23602),"2008-11","2017-12",1553
9605,HUNTER (31519_),"2003-06",,1553
9603,PATRIOT,"2004-07",,1553
4395,SIMBIR (3162) Closed Off-Road Vehicle,"1997-01",,1553
4396,ALTER,"1985-01","1996-12",1554
4594,M12,"1996-01","1998-12",1555
13685,GT MF4 Coupe,"2003-09",,1558
8550,GT MF5 Coupe,"2007-09",,1558
4384,MF3 Roadster,"1996-01",,1558
13682,MF4 Roadster,"2009-03",,1558
13683,MF5 Roadster,"2009-09",,1558
4385,"101 FEELING","1989-01","1993-12",1559
4392,YULON,"1993-01","1998-12",1559
12558,COBRA,,,1580
4397,G-MODELL (W460),"1979-03","1991-12",1580
4398,G-MODELL (W461),"1991-10","2001-12",1580
4399,G-MODELL (W463),"1989-06","2001-03",1580
12559,IMOLA,,,1580
12560,LIDO,,,1580
12561,MAXI,,,1580
12562,P,,,1580
12563,RACING,,,1580
12564,X,,,1580
4674,"110/127 (LDH)","1983-09","1990-12",1820
4672,DEFENDER Cabrio (L316),"1990-08","2016-02",1820
5034,DEFENDER Pick Up (L316),"1994-01","2017-10",1820
10595,DEFENDER Platform/Chassis (L316),"1990-09","2016-02",1820
4673,"DEFENDER Station Wagon (L316, L315)","1990-05","2017-10",1820
4671,DISCOVERY I (LJ),"1989-06","1998-12",1820
4670,DISCOVERY II (L318),"1998-10","2004-08",1820
5160,DISCOVERY III (L319),"2004-07","2009-09",1820
9015,DISCOVERY IV (L319),"2009-09","2018-12",1820
13104,DISCOVERY SPORT (L550),"2014-09",,1820
5603,FREELANDER 2 (L359),"2006-10","2015-12",1820
4678,FREELANDER I (L314),"1998-02","2006-10",1820
4677,FREELANDER I Soft Top (L314),"1998-02","2006-10",1820
9576,RANGE ROVER EVOQUE (L538),"2011-06","2019-12",1820
14820,RANGE ROVER EVOQUE Convertible (L538),"2015-11","2019-12",1820
4669,RANGE ROVER I,"1969-10","1996-04",1820
4668,RANGE ROVER II (P38A),"1994-07","2002-03",1820
4869,RANGE ROVER III (L322),"2002-03","2012-12",1820
10810,RANGE ROVER IV (L405),"2012-08","2021-09",1820
5437,RANGE ROVER SPORT I (L320),"2005-02","2013-03",1820
11229,RANGE ROVER SPORT II (L494),"2013-04","2022-03",1820
4917,"57 (W240)","2002-09","2012-12",2164
7903,CV9,"2006-05",,2589
5471,BL,"2003-12",,2590
5472,CK,"2005-04",,2590
5468,HQ SRV,"2005-09",,2590
5469,MR Hatchback,"2005-05",,2590
5470,MR Sedan,"2005-09",,2590
5473,PU,"2005-09",,2590
9193,C12 Coupe,"2007-12",,2755
9197,C8 Aileron,"2010-04",,2755
9194,C8 Coupe,"2000-04",,2755
9196,C8 Spyder,"2000-04",,2755
12381,"50",,,2760
12382,"505",,,2760
12033,"80",,,2760
12023,ADVENTURE,,,2760
12383,ARK,,,2760
12384,BAJA,,,2760
12385,BORA,,,2760
12386,CHRONO,,,2760
12387,DUKE,,,2760
12029,ENDURO,,,2760
13462,EXC,,,2760
12388,FOXI,,,2760
14365,FREERIDE,,,2760
12389,GO,,,2760
12022,HARD ENDURO,,,2760
12390,KROSS,,,2760
12031,MILITARY,,,2760
12391,OKAY,,,2760
12392,PONY,,,2760
12026,RACE,,,2760
14249,RC,,,2760
13461,SC,,,2760
12393,SM,,,2760
12394,STING,,,2760
12025,SUPERBIKE,,,2760
12024,SUPERMOTO,,,2760
12030,SX,,,2760
13460,SXC,,,2760
9787,X-Bow Convertible,"2008-07",,2760
10561,TUNLAND,"2012-01",,2867
9865,HOVER H6,"2011-01",,2903
8952,HIMIKO Convertible,"2008-09",,2904
8951,OROCHI,"2001-01",,2904
6366,SPIDEREUROPA (P124DS),"1982-03","1985-11",3046
6375,TX,"1997-01",,3047
11566,V80 Bus,"2010-10",,3300
11567,V80 Van,"2010-10",,3300
11007,MODEL S (5YJS),"2012-09",,3328
13056,MODEL X (5YJX),"2013-09",,3328
8281,ROADSTER (DS),"2008-03",,3328
8542,ZERO,"2010-01","2016-12",3443
9610,GT,"2009-07","2012-09",3495
9132,CITY,"2008-01",,3514
10311,KARMA,"2012-02",,3738
14847,SENOVA X25,"2015-11",,3773
13965,SENOVA X65,"2015-03",,3773
14669,"500 / 595 / 695","2008-01",,3854
14670,"500C / 595C / 695C","2008-05",,3854
14671,GRANDE PUNTO,"2007-07","2010-06",3854
14673,PUNTO,"2012-03",,3854
14674,RITMO,"1981-11","1987-12",3854
12771,H2,"2014-04",,3968
11876,COMPACT,"2013-08",,4015
14590,WORK Platform/Chassis,"2015-01","2022-07",4015
11877,WORK Van,"2015-01","2022-07",4015
12819,"3800 Coupe","2013-09",,4152
12820,"3800 Roadster","2013-09",,4152
12816,Rt 12 Coupe,"2004-09",,4152
12817,Rt 35 Coupe,"2012-07",,4152
12818,Rt 35 Roadster,"2012-07",,4152
13092,AGERA,"2011-01",,4163
14190,DUE,"2013-09",,4219
13392,M.GO,"2009-08",,4219
13789,K SERIES Platform/Chassis,"2011-11",,4269
14956,DS 3 (SA_),"2015-04","2019-07",4468
14957,DS 3 Convertible (SB_),"2015-07","2019-07",4468
14958,DS 4 / DS 4 CROSSBACK (NX_),"2015-07","2018-12",4468
14959,DS 5 (KF_),"2015-01","2018-12",4468
30027,BERLINA (105_),"1966-09","1977-03",2
30060,EAGLE Saloon,"1979-09","1987-12",2246
30548,FLEETWOOD Saloon,"1976-09","1986-12",819
30676,CORVETTE Coupe,"1967-09","1982-12",138
30769,MONZA Coupe,"1974-09","1980-12",138
31305,"275 GTB","1963-09","1965-09",700
31846,S15 JIMMY SUV,"1982-09","1994-12",39
31964,ACCORD Hatchback,"1975-09","1981-12",45
31967,CIVIC Saloon,"1971-09","1979-12",45
32058,H1 Closed Off-Road Vehicle,"2001-09","2006-12",1506
32060,H2 Closed Off-Road Vehicle,"2002-09","2009-12",1506
32246,GRAND WAGONEER Closed Off-Road Vehicle (XJ),"1983-09","1993-12",882
32337,BETA Saloon (828_),"1975-09","1986-10",64
32417,TOWN CAR Saloon,"1989-09","1997-12",1200
32474,MISTRAL Coupe,"1963-09","1970-12",771
32475,QUATTROPORTE I,"1962-09","1971-12",771
33599,SOLSTICE Convertible,"2005-03","2009-12",774
33730,SILVER DAWN Saloon,"1994-09","1997-12",705
33734,SILVER SHADOW Saloon,"1974-09","1980-12",705
33735,SILVER SPIRIT MK I Saloon,"1980-09","1990-12",705
34634,"CABSTAR (F24M, F24W)","2006-09","2013-12",80
34836,ESCALADE Crew Cab Pickup,"2006-09","2014-12",819
34961,SEVILLE Saloon,"1979-08","1985-12",819
34977,CAPRICE Estate,"1976-09","1990-12",138
35009,G20 Extended Passenger Van,"1970-09","1996-12",138
35131,RAM 1500 Crew Cab Pickup,"2001-09","2008-12",29
35134,RAM 2500 Standard Cab Pickup,"2001-09","2008-12",29
35239,"ODYSSEY (RL3, RL4, RB)","2004-09","2010-12",45
35257,BRONCO SUV,"1991-09","1996-12",776
35398,BONNEVILLE Saloon,"1991-09","1999-12",774
35625,XG Saloon,"2000-09","2005-12",183
35773,G Coupe,"2002-09","2007-12",1526
35889,"1500 Crew Cab Pickup (DS)","2010-09","2018-12",3689
35890,"1500 Extended Cab Pickup (DS)","2010-09","2018-12",3689
35891,"1500 Standard Cab Pickup (DS)","2009-09","2018-12",3689
35892,"2500 Crew Cab Pickup (DJ)","2010-09",,3689
35954,RAM 1500 Crew Cab Pickup,"2008-09","2010-12",29
35956,RAM 1500 Standard Cab Pickup,"2001-09","2008-12",29
35959,RAM 2500 Crew Cab Pickup,"2001-09","2008-12",29
35960,RAM 2500 Extended Crew Cab Pickup,"2001-09","2008-12",29
36197,CADDY ALLTRACK IV MPV (SAB),"2015-05","2020-09",121
36198,CADDY ALLTRACK IV Box Body/MPV (SAA),"2015-05","2020-09",121
36201,BOXSTER Spyder (987),"2007-09","2011-12",92
36202,E-CLASS (W213),"2016-01",,74
36208,TALISMAN Sport Tourer (KP_),"2016-03","2022-03",93
36212,"BALENO (FW, EW)","2016-02",,109
36213,SCUDO Platform/Chassis (220_),"1996-09","2006-12",35
36216,"SPORTAGE IV (QL, QLE)","2015-01","2022-10",184
36220,CB HORNET,,,45
36221,CB SEVEN FIFTY,,,45
36223,"TIGUAN (AD1, AX1)","2016-01","2024-04",121
36228,"208 Hatchback Van (CR_)","2013-02","2019-12",88
36244,"718 BOXSTER (982)","2016-04",,92
36246,RC,,,45
36247,"LOAD UP! (121, 122, BL1, BL2)","2014-12","2020-08",121
36350,SPACETOURER Bus (V_),"2016-04",,21
36352,"FULLBACK Pickup (502_, 503_)","2016-01",,35
36354,CAPRICE Estate,"1990-09","1996-12",138
36378,"A4 Allroad B9 (8WH, 8WJ)","2016-01",,5
36380,DB11 Vantage,"2016-01",,881
36383,B7 (G12),"2016-02",,866
36387,"124 Spider (348_)","2016-03",,35
36390,LEVANTE SUV (M161),"2016-06",,771
36405,QX30,"2016-04",,1526
36442,MISTRAL Spyder,"1963-09","1970-12",771
36452,JUMPY III Van (V_),"2016-04",,21
36453,TRAVELLER Bus (V_),"2016-04",,88
36454,"124 Spider","2016-03",,3854
36467,KUV100 (K1),"2016-01",,1280
36480,MEDLEY,,,181
36484,NT400 CABSTAR (F24M),"2009-08",,80
36486,GIULIA (952_),"2015-10",,2
36491,"ELANTRA VI Saloon (AD, ADA)","2015-09","2022-09",183
36503,BOYUE (MR6453),"2016-03",,2590
36512,"ATECA (KH7, KHP)","2016-04",,104
36521,GTC4 Lusso / Lusso T,"2016-04",,700
36523,CAMARO Convertible,"2015-09",,138
36525,XRAY (GAB_),"2016-02",,63
36526,"TIPO Hatchback (356_, 357_)","2016-03",,35
36527,"TIPO Estate (356_, 357_)","2016-03",,35
36528,XT5,"2016-05",,819
36534,"718 CAYMAN (982)","2016-04",,92
36540,V90 II Estate (235),"2016-03",,120
36541,S90 II (234),"2016-01",,120
36543,"Q2 (GAB, GAG)","2016-06",,5
36582,EXPERT Van (V_),"2016-04",,88
36610,C-CLASS Convertible (A205),"2016-06","2023-04",74
36612,CENTENARIO Coupe,"2016-04",,701
36673,PROACE Van (MDZ_),"2016-02",,111
36675,MEGANE IV Sport Tourer (K9A/M/N_),"2016-04",,93
36676,GLC Coupe (C253),"2016-06","2023-03",74
36680,PROACE Bus (MDZ_),"2016-02",,111
36682,XC,,,2760
36683,RM-Z,,,109
36697,"570GT","2016-06",,1518
36698,"675LT Spider","2016-08",,1518
36715,IONIQ (AE),"2016-03","2023-03",183
36739,XLV SUV,"2016-04",,175
36750,TALENTO Bus (296_),"2016-06",,35
36751,TALENTO Van (296_),"2016-06",,35
36752,TALENTO Platform/Chassis (296_),"2016-06",,35
36762,SENOVA X35,"2016-05",,3773
36765,"R8 Spyder (4S9, 4SR)","2016-05",,5
36766,E-CLASS T-Model (S213),"2016-07","2023-10",74
36798,NIRO I (DE),"2016-09","2022-08",184
36799,CAPRICE,"1990-09","1996-12",138
36821,CHIRON,"2016-04",,788
36826,NAVI,,,45
36834,DIO,,,45
36854,E-MEHARI,"2016-06",,21
36882,"POLO V Hatchback Van (6R1, 6C1)","2009-03","2017-10",121
36890,C-HR (_X1_),"2016-10",,111
36894,FOCUS III Estate Van,"2012-02","2020-02",36
36895,FOCUS III Hatchback Van,"2011-01","2020-02",36
36906,CF Bus,"1969-08","1988-12",10
36913,MUSTANG Convertible,"1963-09","1973-12",776
36914,MUSTANG Coupe,"1963-09","1973-12",776
36923,"DYNA 100 Platform/Chassis (LY1_, YY1_)","1995-05","2001-07",111
36927,NSX II Coupe (NC_),"2016-06",,45
36928,"A5 (F53, F5P)","2016-06",,5
36935,"3008 II SUV (MC_, MR_, MJ_, M4_)","2016-05",,88
36944,"128 Saloon (128_)","1983-03","1991-09",35
36954,T350 C,"2002-10","2006-12",861
36965,GLAS (602),"1967-09","1968-05",16
36966,Q60 Coupe,"2016-09",,1526
36968,OPTIMA Sportswagon (JF),"2016-09","2019-12",184
36970,SPORTPRINZ (41),"1959-01","1967-12",81
36986,GRAND SCÉNIC IV (R9_),"2016-09","2023-03",93
36987,SCÉNIC IV (J9_),"2016-09","2022-07",93
36989,"i20 ACTIVE (IB, GB)","2015-09","2021-08",183
36993,WINGLE 6 (CC1031),"2014-05",,2903
37026,"PARTNER Platform/Chassis (5_, G_)","1997-03","2008-07",88
37028,NV300 Van (X82),"2016-09",,80
37038,NV300 Kombi (X82),"2016-09",,80
37055,EXPRESS Box Body/MPV,"1995-07","1998-03",93
37059,JUMPY III Bus (V_),"2016-04",,21
37067,ASTRA H CLASSIC Hatchback (A04),"2009-01",,84
37070,"12 TOROS Saloon","1989-04","2000-10",93
37071,"12 TOROS Estate","1989-04","2000-10",93
37074,PANAMERA (971),"2016-05","2023-12",92
37088,"IGNIS III (MF, FF)","2016-02",,109
37098,C3 III (SX),"2016-07",,21
37099,ASTRA H CLASSIC Saloon (A04),"2007-02",,84
37101,STREET CUP,,,112
37103,PICKUP,"2009-01",,1553
37106,SUPER CARRY Van (ED),"1985-04",,109
37108,CARRY Platform/Chassis,"1991-01","1999-01",109
37112,ASTRA H CLASSIC Estate (A04),"2006-12",,84
37116,"A5 Sportback (F5A, F5F)","2016-06",,5
37151,"GOLF II Van (19E, 1G1)","1983-08","1991-07",121
37152,DISCOVERY V (L462),"2016-09",,1820
37153,GOLF III Van (1H1),"1991-08","1997-12",121
37154,GOLF IV Van (1J1),"1997-10","2004-05",121
37157,"5 (G30, F90)","2016-09",,16
37158,MINI COUNTRYMAN (F60),"2016-10",,1523
37161,"Q5 (FYB, FYG)","2016-05",,5
37164,"KODIAQ I (NS6, NS7, NV7)","2016-10",,106
37200,"CRAFTER Van (SY_, SX_)","2016-09",,121
37201,CRAFTER Platform/Chassis (SZ_),"2016-11",,121
37216,D2S,"2015-01",,4599
37227,X-ADV,,,45
37244,AMG GT Roadster (R190),"2016-11","2022-01",74
37253,F355 GTS,"1994-07","1999-03",700
37261,MICRA V (K14),"2016-12",,80
37286,"HILUX IV Pickup (_N5_, _N6_)","1982-11","1998-11",111
37292,STELVIO (949_),"2016-12",,2
37293,"A5 Convertible (F57, F5E)","2016-11",,5
37296,"HILUX V Pickup (_N8_, _N9_, _N10_, _N11_)","1988-09","2001-08",111
37298,HILUX VI Pickup (_N1_),"1994-08","2006-03",111
37337,"1325","1989-05","1996-05",139
37339,"400-Serie Bus","1989-04","1997-07",24
37341,"626 I Coupe","1978-09","1982-12",72
37348,LC Coupe (_Z10_),"2016-11",,842
37372,IMPREZA Hatchback (GT_),"2016-10",,107
37383,CORONA EXIV Saloon (_T18_),"1986-08","1993-09",111
37424,E-CLASS Coupe (C238),"2016-12",,74
37426,"i30 (PDE, PD, PDEN)","2016-11",,183
37429,CLIO IV Hatchback Van (BH_),"2014-01","2021-08",93
37440,"5008 II (MC_, MJ_, MR_, M4_)","2016-12",,88
37466,MX-5 RF Targa (ND),"2016-10",,72
37480,"CRAFTER Bus (SYI, SYJ)","2016-09",,121
37487,EXPERT Platform/Chassis (V_),"2016-09",,88
37491,E-CLASS All-Terrain (S213),"2017-01","2023-10",74
37492,"306 Hatchback Van","1993-04","2001-08",88
37499,JUMPY III Platform/Chassis (V_),"2016-09",,21
37503,A3 Open Off-Road Vehicle,"1987-07","2011-12",2845
37504,A3 Closed Off-Road Vehicle,"1987-07","2011-12",2845
37513,"CR-V V (RW_, RT_)","2016-12",,45
37515,"CIVIC X Hatchback (FC_, FK_)","2016-09",,45
37534,"MGA Convertible (HDC, GHN, HAD)","1955-05","1962-06",75
37535,"5 Touring (G31)","2017-03",,16
37569,ISABELLA Estate,"1954-06","1961-09",136
37592,IXO,"2010-06","2014-07",1513
37618,TAUNUS Coupe,"1975-05","1985-08",36
37619,"RIO IV (YB, SC, FB)","2017-01",,184
37625,MONTESA 4-RIDE,,,45
37627,"818 Coupe","1971-09","1978-12",72
37647,NR,,,45
37656,BLUEBIRD Coupe (910),"1980-01","1983-10",80
37690,"507 (E03)","1956-10","1959-07",16
37691,"502 Saloon","1954-09","1963-12",16
37692,"340","1949-10","1952-06",16
37701,B5 (G30),"2017-03",,866
37702,B5 Touring (G31),"2017-03",,866
37707,CF Platform/Chassis,"1969-08","1988-12",10
37710,CF Van,"1969-08","1988-12",10
37713,RANGE ROVER VELAR (L560),"2017-03",,1820
37718,"COMPASS (MP, M6, MV, M7)","2016-01",,882
37725,BRAVA,"1988-12","1990-07",10
37738,D8,"1992-10",,4658
37747,MIA Hatchback Van,"2011-01","2014-04",3961
37757,"CROSSLAND X / CROSSLAND (P17, P2QO)","2017-03",,84
37773,XC60 II (246),"2017-03",,120
37787,"FIESTA VII (HJ, HF)","2017-05",,36
37789,GT,"2016-09",,36
37793,MYWAY,"2016-01",,3086
37795,LF 250,,,3086
37800,INSIGNIA B Grand Sport (Z18),"2017-03",,84
37807,INSIGNIA B Sports Tourer (Z18),"2017-03",,84
37814,NV300 Platform/Chassis (X82),"2016-09",,80
37837,"2717","1985-04",,4683
37838,ORBITA (2126),"1987-01","2005-12",4683
37839,ORBITA Estate (21262),"1987-01","2005-12",4683
37842,"ARTEON (3H7, 3H8)","2017-03",,121
37854,PANAMERA Sport Turismo (971),"2017-05","2023-12",92
37855,SWIFT V (AZ),"2017-01",,109
37860,AMPERA-E (F17),"2017-05","2019-03",84
37884,CX-5 (KF),"2016-11",,72
37886,PICANTO III (JA),"2017-03",,184
37895,KOLEOS II (HC_),"2016-04",,93
37901,LIANA Hatchback,"2001-06",,109
37915,"720S","2017-01",,1518
37916,"IBIZA V (KJ1, KJG)","2017-01",,104
37919,"100","1953-01","1959-12",1538
37921,"208/308 Targa","1974-09","1985-12",700
37926,"SAMARA Hatchback (2113, 2114)","1997-03","2013-12",63
37929,i30 Estate (PDE),"2017-03",,183
37943,XSARA Hatchback Van (N3_),"1998-05","2005-03",21
37962,iEV6E,"2017-05",,2873
37987,XF SPORTBRAKE (X260),"2017-07",,56
37988,LAND CRUISER Softtop (_J4_),"1960-01","1984-12",111
38022,E-CLASS Convertible (A238),"2017-06",,74
38025,"404 Estate","1962-04","1971-05",88
38031,"GRANDLAND / GRANDLAND X (A18, P1UO)","2017-06",,84
38034,"A60 CAMBRIDGE Saloon (YAHS8, HS9, AD09)","1959-08","1969-12",6
38038,RX-2 Coupe,"1970-05","1976-05",72
38042,PROACE Platform/Chassis (MDZ_),"2016-02",,111
38046,"6 Gran Turismo (G32)","2017-06",,16
38057,"X3 (G01, F97, G08)","2017-07",,16
38078,E-PACE (X540),"2017-09",,56
38087,"KAUAI (OS, OSE, OSI)","2017-06","2023-04",183
38099,"SOLARIS Saloon (HCR, HCI)","2017-01",,183
38102,"3 ELEVEN Convertible","2016-02",,802
38104,PRIUS PHV (_W52_),"2016-01","2022-12",111
38105,MOVE (L6_),"1994-06","1999-11",25
38108,GRANDLAND X / GRANDLAND (A18),"2017-06",,117
38118,"812 SUPERFAST Coupe (F152M)","2017-03",,700
38129,"C3 AIRCROSS I (2R_, 2C_)","2017-06",,21
38132,"TIGUAN ALLSPACE (BW2, BJ2)","2017-03",,121
38138,"POLO VI (AW1, BZ1, AE1)","2017-06",,121
38141,STINGER (CK),"2017-06",,184
38144,"ARONA (KJ7, KJP)","2017-07",,104
38149,"KAROQ (NU7, ND7)","2017-07",,106
38154,"CAMRY (_V7_, _VA7_, _VH7_)","2017-06",,111
38165,XV (GT),"2017-04",,107
38189,STONIC (YB),"2017-07",,184
38190,"T-ROC (A11, D11)","2017-07",,121
38191,D5 (G30),"2017-07",,866
38192,D5 Touring (G31),"2017-07",,866
38193,"ATLAS (CA1, CA2, CA3)","2016-12",,121
38200,CONTINENTAL Coupe (3S3),"2017-09",,815
38201,MEGANE IV Grand Coupe (LVA/M/N),"2016-10",,93
38202,LEAF (ZE1),"2017-08",,80
38214,X-CLASS (470),"2017-09","2020-05",74
38215,"PHANTOM VIII (RR11, RR12)","2017-09",,705
38219,"A8 D5 (4N2, 4N8, 4NC, 4NL)","2017-06",,5
38221,"570S Spider","2017-07",,1518
38225,INSIGNIA A Country Tourer (G09),"2008-07","2017-03",84
38226,G70 (IK),"2017-09",,4473
38232,XC40 (536),"2017-10",,120
38237,INSIGNIA B Country Tourer (Z18),"2017-06",,84
38239,ALASKAN,"2016-10",,93
38244,MEGANE II Estate Van (KM_),"2003-08","2009-07",93
38245,"DS 7 Crossback (J4_, JR_, JC_)","2017-09",,4468
38246,"REXTON (Y400, Y450)","2017-07",,175
38252,TIGGO 5x,"2017-09",,2887
38269,NUBIRA Saloon (J150),"1999-06","2003-10",185
38270,NUBIRA Estate (J150),"1999-06","2003-10",185
38273,"ECLIPSE CROSS (GK_, GL_)","2017-10",,77
38274,X2 (F39),"2017-11","2023-10",16
38275,GRANDE PUNTO Van (199_),"2005-10","2013-06",35
38278,ASTRA G CLASSIC (T98),"2004-03","2009-07",84
38279,ASTRA G CLASSIC Saloon (T98),"2004-03","2009-07",84
38280,ASTRA G CLASSIC Caravan (F35),"2004-03","2009-07",84
38283,SAMURAI Open Off-Road Vehicle (SJ_),"1988-04","2004-12",109
38287,PUNTO EVO,"2008-07","2012-02",3854
38290,JIMNY Open Off-Road Vehicle (SN),"1998-01",,109
38299,PUNTO EVO Hatchback Van (199_),"2009-03","2012-02",35
38303,PORTOFINO,"2017-08",,700
38313,HURACÁN SPYDER,"2015-07",,701
38314,VESTA SW Estate (GFK_),"2015-11",,63
38320,CHORUS II (GA17),"1994-03","1998-11",183
38323,DB11 Volante,"2017-10",,881
38324,VANTAGE Coupe,"2017-11",,881
38330,MODEL 3 (5YJ3),"2017-01",,3328
38331,i8 Roadster (I15),"2018-03","2020-06",16
38338,"01","2017-11",,4612
38342,EXIGE Convertible,"2012-06",,802
38343,VENENO Targa,"2013-09",,701
38351,SUPER EIGHT (X350),"2005-09","2009-12",26
38353,SAXO Hatchback van (S3_),"1997-10","2003-06",21
38357,CAYENNE (9YA),"2017-05",,92
38362,CLS (C257),"2017-12",,74
38363,"i30 FASTBACK (PDE, PDEN)","2017-06",,183
38365,LS (_F5_),"2017-10",,842
38368,CELICA (_A6_),"1981-08","1985-12",111
38381,X-CLASS Platform/Chassis (470),"2017-09",,74
38385,ES8,"2017-12",,4780
38410,MEGANE II Hatchback Van (KM0/2_),"2003-08","2009-07",93
38417,G-CLASS (W463),"2018-01",,74
38458,SK,,,45
38462,DUSTER (HM_),"2017-10",,139
38471,A7 Sportback (4KA),"2017-10",,5
38487,"X4 (G02, F98)","2018-04",,16
38488,"104",,,88
38499,LaFERRARI APERTA Spider (F150),"2016-10",,700
38523,URUS,"2018-02",,701
38527,IMPERATOR,"1984-05","1991-04",1509
38531,SJ413 Open Off-Road Vehicle (OS),"1983-08","1988-08",109
38533,I-PACE (X590),"2018-02",,56
38534,EXPERT Bus (V_),"2016-04",,88
38535,WRANGLER IV (JL),"2017-11",,882
38536,LEON ST Estate Van (5F8),"2013-01","2020-08",104
38537,LEON Hatchback Van (5F1),"2012-09","2020-08",104
38538,MUSSO (QK),"2018-01",,175
38539,A-CLASS (W177),"2018-03",,74
38540,PROACE VERSO Bus (MPY_),"2016-02",,111
38542,POLESTAR 1 (232),"2018-03",,4817
38554,"62 (V240)","2002-09","2012-12",2164
38563,LF T-2D,,,3086
38564,LF T-2J,,,3086
38565,LF T-6(II),,,3086
38566,LF T-6(IV),,,3086
38567,LF T-6,,,3086
38568,LF T-7,,,3086
38570,LF T-9,,,3086
38573,LF T-8(IV),,,3086
38576,LF QT-15,,,3086
38577,LF QT-26,,,3086
38578,LF QT-2,,,3086
38579,LF QT-8,,,3086
38580,LF QT-9,,,3086
38589,RIFTER,"2018-09",,88
38591,"SANTA FE IV (TM, TMA)","2018-02",,183
38594,ZS SUV (AZS1),"2017-10",,75
38603,V60 II (225),"2018-02",,120
38604,K9 II (RJ),"2018-03",,184
38607,XT4,"2018-03",,819
38611,FOCUS IV (HN),"2018-01",,36
38612,TYPHOON,,,181
38614,XD3 (G01),"2018-07",,866
38615,XD4 (G02),"2018-07",,866
38666,A110 II,"2017-12",,810
38671,"TOUAREG (CR7, RC8)","2017-11",,121
38676,BEAT,,,45
38679,C4 SPACETOURER (3D_),"2018-04",,21
38680,"GRAND C4 SPACETOURER (3A_, 3E_)","2018-04",,21
38705,SPRINTER 3-t Van (B910),"2018-02",,74
38706,"SPRINTER 3,5-t Van (B907, B910)","2018-02",,74
38707,"SPRINTER 4-t Van (B907, B910)","2018-02",,74
38708,SPRINTER 5-t Van (B907),"2018-02",,74
38709,SPRINTER 3-t Tourer Bus (B907),"2018-02",,74
38710,"SPRINTER 3,5-t Tourer Bus (B907)","2018-02",,74
38711,"SPRINTER 3-t Platform/Chassis (B910, B907)","2018-02",,74
38712,"SPRINTER 3,5-t Platform/Chassis (B907, B910)","2018-02",,74
38713,"SPRINTER 4-t Platform/Chassis (B907, B910)","2018-02",,74
38714,SPRINTER 5-t Platform/Chassis (B907),"2018-02",,74
38734,DUSTER (HM_),"2017-10",,93
38735,E-CLASS Platform/Chassis (VF211),"2003-03","2009-07",74
38746,AERO 8 Convertible,"2012-01",,803
38751,"X5 (G05, F95)","2018-08",,16
38752,NEXO (FE),"2018-03",,183
38756,FELICIA Cube Van (6U5),"1995-11","2001-12",106
38760,COMBO E Tour / Life (K9),"2018-06",,84
38762,TRANSIT TOURNEO Bus (FC_ _),"2000-06","2006-03",36
38771,E-CLASS Platform/Chassis (VF210),"1996-06","2003-03",74
38774,FOCUS IV Turnier (HP),"2018-09",,36
38775,"8 Coupe (G15, F92)","2018-07",,16
38776,"508 II (FB_, FH_, F3_)","2018-09",,88
38780,"508 SW II (FC_, FJ_, F4_)","2018-09",,88
38784,"CERATO IV Saloon (BD, BDM)","2018-02",,184
38787,CB (501cc - ),,,45
38792,"305 Estate Van (581S)","1982-11","1988-12",88
38795,CEED (CD),"2018-03",,184
38804,G-CLASS Cabrio (W460),"1979-03","1993-08",74
38807,ACCENT V Saloon (HC),"2017-01",,183
38808,FORESTER (SK_),"2018-04",,107
38818,FIESTA VII Van,"2018-09",,36
38826,COROLLA Coupe (_E7_),"1979-08","1983-07",111
38828,X70,"2018-04",,3086
38836,"Q8 (4MN, 4MT)","2018-02",,5
38837,"BERLINGO (ER_, EC_)","2018-06",,21
38838,AMG GT (X290),"2018-07",,74
38843,A6 C8 (4A2),"2018-02",,5
38844,A6 C8 Avant (4A5),"2018-05",,5
38849,FOCUS I Estate Van (DNW),"1998-08","2005-03",36
38851,POLO Estate Van (6V5),"1995-12","2001-09",121
38852,"90 I (LDV)","1984-01","1990-08",1820
38855,BELVILLE,,,88
38856,MEGANE I Hatchback Van (SA0/1_),"1995-08","2003-07",93
38859,TOANO Van,"2015-04",,2867
38869,LAND CRUISER VAN (_J15_),"2011-01",,111
38870,CULLINAN (RR31),"2018-08",,705
38880,A-CLASS Saloon (V177),"2018-09",,74
38890,"308 Hatchback Van (LB_)","2015-03",,88
38897,CEED Sportswagon (CD),"2018-03",,184
38904,"307 SW Estate Van (3E_, 3H_)","2002-04","2009-12",88
38907,ZX Hatchback Van (N2),"1993-07","1998-05",21
38908,C4 II Hatchback Van (NC_),"2009-11",,21
38909,"106 Van I Hatchback Van (1S_)","1991-08","1996-03",88
38910,C3 II Hatchback Van (SC_),"2010-06",,21
38911,C15 Platform/Chassis (VDPD),"1992-11","2002-10",21
38914,"405 I Estate Van (15_)","1989-09","1992-07",88
38915,"405 II Estate Van (4E_)","1992-08","1995-12",88
38916,C5 I Estate Van (DE_),"2002-06","2004-08",21
38917,C4 I Hatchback Van (LR_),"2005-02","2010-12",21
38918,"309 Hatchback Van (10S, 3S)","1985-10","1993-10",88
38919,ASTRA J Hatchback Van (P10),"2009-09","2015-10",84
38920,ASTRA J Estate Van (P10),"2009-09","2015-10",84
38922,YARIS VERSO VAN (_P2_),"2000-03","2005-09",111
38927,G01,"2018-08",,4611
38929,"C5 AIRCROSS (AC_, AJ_, AR_, A4_)","2018-11",,21
38933,A1 Sportback (GBA),"2018-07",,5
38934,GRANTA Estate (2194_),"2018-08",,63
38936,GRANTA Hatchback (2192_),"2018-08",,63
38950,DIVO,"2018-08",,788
38956,"600LT","2018-06",,1518
38957,X-Bow Coupe,"2008-07",,2760
38958,SENOVA X55,"2017-10",,3773
38959,SENNA,"2018-07",,1518
38964,SCR,"2016-02",,4152
38975,CITY,"2016-10",,1480
38976,COUPE,"2016-10",,1480
38989,PARTNER Box Body/MPV (K9),"2018-09",,88
38997,Q3 (F3B),"2018-07",,5
39004,GIULIETTA Hatchback Van (940_),"2011-04","2020-12",2
39005,IBIZA IV Hatchback Van (6J1),"2008-04","2015-05",104
39007,CORDOBA VARIO Estate Van (6K5),"2000-08","2002-12",104
39008,"308 SW II (LC_)","2014-04",,88
39014,OCTAVIA I Estate Van (1U5),"2000-08","2010-03",106
39018,STILO VAN (192_),"2001-10","2008-08",35
39023,BERLINGO Box Body/MPV (K9),"2018-06",,21
39024,MINAUTO,"2018-03",,1480
39026,CROMA Estate Van (194_),"2006-04","2011-12",35
39027,"3 (G20, G80, G28)","2018-11",,16
39028,Z4 Roadster (G29),"2018-11",,16
39030,PASSAT B7 Estate Van (365),"2010-08","2014-12",121
39032,"ATECA (KH7, KHP, KBP)","2018-09",,4896
39034,"8 Convertible (G14, F91)","2018-11",,16
39036,COMBO Box Body/MPV (K9),"2018-06",,84
39041,COROLLA Estate Van (_E11_),"2000-09","2001-10",111
39045,GOLF VAN IV Variant (1J5),"1999-05","2006-06",121
39046,SUNNY Estate Van (B11),"1982-02","1990-08",80
39050,YUGO TEMPO,"2000-04","2008-11",124
39056,YARIS Hatchback Van (_P13_),"2012-10","2020-06",111
39057,JIMNY Closed Off-Road Vehicle (A6G),"2018-07",,109
39060,X7 (G07),"2019-03",,16
39065,GOLF VI Van (5K1),"2008-10","2012-11",121
39067,GOLF VAN VI Variant (AJ5),"2009-07","2014-05",121
39077,GOLF VII Van (5G1),"2012-08","2017-03",121
39091,"300ZX Coupe (Z31)","1984-01","1990-10",80
39109,DR 3,"2018-02","2022-08",3497
39123,GLE (V167),"2018-10",,74
39130,"DS 3 / DS 3 CROSSBACK (UR_, UC_, UJ_)","2018-10",,4468
39131,PRO CEE'D Hatchback Van (JD),"2012-03","2018-07",184
39132,RIO III Hatchback Van (UB),"2011-09",,184
39140,MEGANE III Combi Van (KZ0/1),"2009-01","2015-08",93
39142,FOCUS IV Saloon (HM),"2018-11",,36
39143,MIA Hatchback,"2011-01","2014-04",3961
39145,"ES (_Z10_, _A10_, _H10_)","2018-07",,842
39159,SLINGSHOT,"2014-10",,5152
39160,MASCOTT Van (FH_),"1999-01","2004-06",93
39162,"MASCOTT Platform/Chassis (UH_, HH_)","1999-01","2005-06",93
39163,MONZA SP1,"2018-09",,700
39164,MONZA SP2,"2018-09",,700
39165,"COROLLA Hatchback (_E21_, _EA1_, _EH1_)","2018-10",,111
39199,B-CLASS Sports Tourer (W247),"2018-12",,74
39202,"2 CV AKZ Estate Van","1970-03","1977-12",21
39205,TANG,"2018-06",,3122
39208,TARRACO (KN2),"2018-09","2024-05",104
39209,"T-CROSS (C11, D31)","2018-12",,121
39213,E-TRON (GEN),"2018-09",,5
39216,RANGE ROVER EVOQUE (L551),"2018-12",,1820
39217,"1500 Crew Cab Pickup (DT)","2018-12",,3689
39222,G3,"2018-12",,5184
39223,"UX (_AA1_, _AH1_, _MA1_)","2018-10",,842
39224,DBS Coupe,"2018-06",,881
39233,FOCUS II Estate Van,"2004-07","2011-07",36
39253,PROCEED (CD),"2018-10",,184
39267,MEGANE III Hatchback Van (BZ_),"2008-11","2015-08",93
39268,"RAV 4 V (_A5_, _H5_)","2018-12",,111
39275,"3 Hatchback (BP)","2018-11",,72
39276,"3 Saloon (BP_)","2018-11",,72
39293,TX (HRE),"2017-12",,5194
39316,SOUL III (SK3),"2019-01",,184
39350,"911 (992)","2018-11",,92
39351,"911 Convertible (992)","2019-01",,92
39366,ERELIS (PS160),"2018-11",,5204
39369,SILVERADO 1500 Crew Cab Pickup (GMT1CC),"2018-08",,138
39378,SCALA (NW1),"2019-02",,106
39436,COROLLA Saloon (_E21_),"2019-01",,111
39437,CONTINENTAL Convertible (3S_),"2018-12",,815
39443,"600LT Spider","2019-02",,1518
39444,"720S Spider","2019-02",,1518
39446,CLA (C118),"2019-03",,74
39452,COROLLA Estate (_E21_),"2019-02",,111
39483,KORANDO FAMILY,"1993-06","1997-05",175
39493,SUPRA (DB_),"2019-03",,111
39512,GLS (X167),"2019-04",,74
39514,"690",,,2760
39516,R 1250,,,16
39518,F8 Tributo Coupe,"2019-03",,700
39520,"208 II (UB_, UP_, UW_, UJ_)","2019-06",,88
39522,EQC (N293),"2019-05","2023-07",74
39562,WORK L Van,"2019-05","2022-07",4015
39563,WORK L Platform/Chassis,"2019-05","2022-07",4015
39565,"1 (F40)","2019-07",,16
39570,CINQUECENTO VAN (170_),"1991-07","1998-02",35
39574,S60 III (224),"2019-02",,120
39590,HIACE VI Bus (__H3__),"2019-02",,111
39591,A6 Allroad C8 (4AH),"2018-11",,5
39592,DBS Volante,"2019-04",,881
39625,"3 Touring (G21, G81)","2019-07",,16
39628,"8 Gran Coupe (G16, F93)","2019-07",,16
39629,CLA Shooting Brake (X118),"2019-06",,74
39640,"1 Van (F20)","2015-03","2019-06",16
39641,"2 Active Tourer Van (F45)","2013-11","2021-10",16
39642,"2 Gran Tourer Van (F46)","2014-07",,16
39643,"3 Touring Van (F31)","2012-07","2019-06",16
39644,"5 Touring Van (G31)","2017-03",,16
39645,X1 Van (F48),"2015-07","2022-06",16
39646,X3 Van (G01),"2017-07",,16
39647,"C3 III Van (SX_, SY_)","2016-07",,21
39648,"C3 AIRCROSS II Van (2C_, 2R_)","2017-06",,21
39650,"X6 (G06, F96)","2019-08",,16
39651,"C4 CACTUS Van (0B_, 0P_)","2014-09",,21
39652,GALAXY MK III VAN (CK),"2019-03",,36
39653,CAYENNE Coupe (9YB),"2019-01",,92
39655,C4 SPACETOURER Van (3D_),"2018-04",,21
39656,"GRAND C4 SPACETOURER Van (3A_, 3E_)","2018-04",,21
39657,"RIO IV Hatchback Van (YB, SC, FB)","2017-01",,184
39658,CEED Hatchback Van (CD),"2018-03",,184
39659,CEED Combi Van (CD),"2018-03",,184
39660,NIRO VAN (DE),"2016-09",,184
39661,STONIC Hatchback Van (YB),"2017-07",,184
39662,STINGER Hatchback Van (CK),"2017-06",,184
39663,INSIGNIA B Sports Tourer Combi Van (Z18),"2017-03",,84
39664,"i20 II Hatchback Van (GB, IB)","2014-11","2021-09",183
39665,i30 Kombi Van (PDE),"2017-03",,183
39670,ALTO Hatchback Van (EC),"1986-01","1993-10",109
39675,"PUMA (J2K, CF7)","2019-09",,36
39686,KUGA III (DFK),"2019-07",,36
39687,EXPLORER (U6_),"2019-07",,776
39689,GOLF Van III Variant (1H5),"1991-08","1999-12",121
39690,"PASSAT B3/B4 (315, 3A5)","1988-08","1996-12",121
39696,CORSA F (P2JO),"2019-07",,84
39697,KORANDO (C300),"2019-02",,175
39745,MUSSO GRAND,"2019-01",,175
39785,GLADIATOR Pickup (JT_),"2019-04",,882
39795,"CX-30 (DM, DT, ED)","2019-04",,72
39796,KAMIQ (NW4),"2019-07",,106
39800,"2 Gran Coupe (F44)","2019-11",,16
39809,"718 BOXSTER Spyder (982)","2019-07",,92
39810,"911 Speedster (991)","2018-06","2020-12",92
39812,BX Van (XB-_),"1982-09","1992-01",21
39813,ZAFIRA LIFE Bus (K0),"2019-03",,84
39857,SONATA VIII (DN8),"2019-03",,183
39858,"2008 II (UD_, US_, UY_, UJ_, UR_, UC_)","2019-08",,88
39859,GLB (X247),"2019-07",,74
39864,XCEED (CD),"2019-06",,184
39865,G05,"2019-09",,4611
39872,SIAN FKP 37 Coupe,"2019-09",,701
39873,e (ZC7_),"2019-09",,45
39878,JUKE (F16_),"2019-08",,80
39879,"SELTOS (SP2, SP2I)","2019-08",,184
39884,"ARKANA I (LCM_, LDN_)","2019-08",,93
39885,"1500 Extended Cab Pickup (DT)","2018-12",,3689
39890,VIVARO C Van (K0),"2019-03",,84
39891,VIVARO C Bus (K0),"2019-03",,84
39892,VIVARO C Platform Cabin (K0),"2019-03",,84
39896,PARTNER ORIGIN MPV (G_),"2008-07","2013-12",88
39897,PARTNER ORIGIN Box Body/MPV (G_),"2008-07","2015-12",88
39931,V-STROM,,,109
39956,B3 Touring (G21),"2019-09",,866
39975,PULSION,,,88
40000,DEFENDER Station Wagon (L663),"2019-09",,1820
40014,"GRAND CALIFORNIA Camper (SCB, SCC)","2019-04",,121
40028,CLIO V (B7_),"2019-06",,93
40050,MX-30 (DR),"2020-05",,72
40134,M3 Van,"2018-04",,2873
40141,i30 Hatchback Van (GDE),"2012-06",,183
40147,A1 City Carver (GBH),"2019-07","2022-06",5
40155,Q3 Sportback (F3N),"2019-06",,5
40157,i40 I Kombi Van (VF),"2011-07","2019-05",183
40158,ASTRA K Hatchback Van,"2015-06","2021-12",84
40160,E-TRON Sportback (GEA),"2019-09",,5
40161,GLE Coupe (C167),"2019-11",,74
40172,MASTER PRO Van (FH__),"2004-05","2010-04",93
40176,QX50 II,"2017-11",,1526
40179,"GOLF VIII (CD1, DA1)","2019-07",,121
40188,Megane I Kombi van (KA_),"2000-02","2003-07",93
40198,NV250 Van (X61),"2019-07",,80
40199,NV250 Bus (X61),"2019-07",,80
40206,"812 GTS Spider (F152)","2019-10",,700
40210,"T-ROC Convertible (AC7, AC8)","2019-12",,121
40211,FLYING SPUR (ZG2_),"2019-04",,815
40214,MARCO POLO Camper (W447),"2015-03",,74
40218,HIACE I Bus (_H10),"1967-07","1977-01",111
40219,HIACE I Van (_H10),"1967-07","1977-01",111
40220,HIACE I Pickup (_H10),"1967-07","1977-01",111
40226,SPRINTER 4-t Tourer Bus (B907),"2018-02",,74
40259,"i10 III (AC3, AI3)","2019-09",,183
40264,U5,"2019-12",,5500
40268,GT,"2019-08",,1518
40277,GSX-R (751cc - ),,,109
40285,MUSTANG MACH-E (CGW),"2020-07",,776
40303,T77,"2018-11",,5510
40308,YIXUAN,"2019-09",,5487
40313,F8 Spider,"2019-12",,700
40399,CAPTUR II (HF_),"2020-01",,93
40402,POLESTAR 2 (534),"2019-02",,4817
40403,PROACE CITY Box Body/MPV (BPZ_),"2019-10",,111
40405,PROACE CITY VERSO MPV (BKY_),"2019-10",,111
40412,"OCTAVIA IV Combi (NX5, PV5)","2019-11",,106
40415,TAYCAN (Y1A),"2019-05",,92
40418,"911 Speedster (997)","2010-08","2011-05",92
40419,CORVETTE (C8),"2019-07",,138
40420,CORVETTE Convertible (C8),"2019-10",,138
40421,"HIGHLANDER (GSU7_, AXUH7_, TXUA7_)","2019-12",,111
40435,"JAZZ V (GR_, GS_)","2020-02",,45
40436,"3 Touring Van (G21)","2019-07",,16
40437,X5 Van (G05),"2019-11",,16
40440,HS (AS23),"2018-09",,75
40463,"300 Open Off-Road Vehicle","2004-11","2011-02",171
40514,GLA (H247),"2020-02",,74
40521,DBX,"2019-11",,881
40531,"A3 Sportback (8YA, 8YF)","2019-11",,5
40534,"LEON (KL1, KLG)","2019-11",,104
40535,"LEON Sportstourer (KL8, KLD)","2020-03",,104
40538,"OCTAVIA IV (NX3, NN3, PV3)","2020-01",,106
40546,"SORENTO IV (MQ4, MQ4A)","2020-03",,184
40547,VANTAGE Roadster,"2020-02",,881
40567,ELANTRA VII Saloon (CN7),"2020-03",,183
40590,DEFENDER Van (L663),"2020-02",,1820
40592,CR,,,45
40600,DS 9 (X2_),"2020-09",,4468
40615,X3,"2019-07",,5670
40634,"765LT Coupe","2020-03",,1518
40635,SPEEDTAIL,"2019-12",,1518
40642,ROMA,"2020-04",,700
40651,PLUS FOUR,"2020-03",,803
40652,PLUS SIX,"2019-03",,803
40678,RM,,,109
40680,OUTBACK (BT),"2019-09",,107
40683,"D-MAX III (TFR, TFS)","2019-06",,54
40705,P7,"2020-04",,5184
40713,LIFE,"2019-04",,5705
40722,B3 (G20),"2019-09",,866
40728,R 18,,,16
40742,"4 Coupe (G22, G82)","2020-07",,16
40748,SF90,"2019-05",,700
40796,"A3 Limousine (8YS, 8YM)","2020-03",,5
40805,GRIFO,"1965-01","1974-12",5736
40806,FIDIA,"1967-01","1974-12",5736
40807,LELE,"1969-01","1974-12",5736
40811,D3 (G20),"2020-05",,866
40812,D3 Touring (G21),"2020-05",,866
40813,XTOO (LXT),"2005-02","2012-12",1513
40814,M12,"2013-01",,2915
40817,XB7 (G07),"2020-05",,866
40822,T03,"2020-05",,5201
40829,"911 Targa (992)","2020-05",,92
40839,E-CITIGO (NE1),"2019-09","2021-09",106
40844,EUNIQ 6,"2020-05",,3300
40862,M20,"2018-01",,2915
40902,V80 Platform/Chassis,"2010-10",,3300
40903,SOUL III Cargo (SK3),"2020-06",,184
40905,DELIVER 9 Van,"2020-07",,3300
40910,eDELIVER 3 Van,"2020-07",,3300
40926,X7,"2020-06",,5670
40934,BJ 212 Closed Off-Road Vehicle,"2020-05",,3071
40938,MODEL Y (5YJY),"2019-03",,3328
40942,MOKKA,"2020-06",,84
40954,"YARIS (_P21_, _PA1_, _PH1_)","2020-02",,111
40960,"2000 Coupe (120)","1965-10","1970-06",16
40961,HAN,"2020-07",,3122
40962,"COROLLA CROSS (ZVG1_, ZSG1_, MXGH1_, MXGA1_)","2020-07",,111
40970,"C4 III (BA_, BB_, BC_)","2020-10",,21
40976,EC6,"2020-07",,4780
40978,NIVA II Closed Off-Road Vehicle (2123),"2020-07",,63
40994,PROCEED Combi Van (CD),"2018-10",,184
40995,XCEED Van (CD),"2019-06",,184
40996,"SPORTAGE IV VAN (QL, QLE)","2015-09",,184
41001,"88/109 MK I Closed Off-Road Vehicle","1956-07","1958-08",1820
41002,"88/109 MK II Closed Off-Road Vehicle","1958-09","1961-11",1820
41003,"88/109 MK IIA Closed Off-Road Vehicle","1961-12","1971-10",1820
41004,"88/109 MK III Closed Off-Road Vehicle","1971-11","1986-12",1820
41006,ARTEON SHOOTING BRAKE (3H9),"2020-06",,121
41009,"88/109 MK I Open Off-Road Vehicle","1956-07","1958-08",1820
41010,"88/109 MK II Open Off-Road Vehicle","1958-09","1961-11",1820
41011,"88/109 MK IIA Open Off-Road Vehicle","1961-12","1971-10",1820
41012,"88/109 MK III Open Off-Road Vehicle","1971-11","1986-12",1820
41034,i30 Hatchback Van (PDE),"2016-11",,183
41036,"KONA SUV Van (OS, OSE, OSI)","2017-06",,183
41037,TUCSON SUV Van (TLE),"2015-05","2020-12",183
41039,SANTA FE IV SUV Van (TM),"2018-02",,183
41040,PULSE 4 Platform/Chassis,"2019-08",,1513
41044,"ID.3 (E11, E12)","2019-11",,121
41052,TERRACAN (HP),"2001-06","2008-03",183
41056,YARIS CROSS (MXP_),"2020-09",,111
41068,PULSE 3 Threewheeler,"2018-01",,1513
41074,WORK XL Platform/Chassis,"2018-11","2022-07",4015
41091,ASTRA K Estate Van,"2015-11","2021-09",84
41092,S-CLASS (W223),"2020-09",,74
41093,CORSA F Hatchback Van,"2019-07",,84
41094,CROSSLAND X Van,"2017-03",,84
41095,GRANDLAND X Van,"2017-06",,84
41108,GHOST II (RR21),"2020-08",,705
41109,GHOST II Extended Wheelbase (RR22),"2020-08",,705
41185,"GOLF VIII Variant (CG5, DB5)","2020-08",,121
41194,REVERO,"2017-09",,5501
41216,"D-MAX III Platform/Chassis (TFR, TFS)","2019-11",,54
41242,GV80 SUV (JX1),"2020-06",,4473
41745,SWACE (AMZ_),"2020-10",,109
41276,"4 Convertible (G23, G83)","2020-11",,16
41277,FORZA,,,45
41279,ENYAQ iV SUV (5AZ),"2020-10",,106
41283,"FORMENTOR (KM7, KMP)","2020-07",,4896
41290,ADV,,,45
41293,CLIO IV Estate Van (KH_),"2013-01","2021-08",93
41322,AVENIS,,,109
41338,SPRING,"2020-10",,139
41339,ET5/BE11,"2020-10",,5890
41340,"i20 III (BC3, BI3)","2020-08",,183
41346,T8 PRO,"2020-10",,2873
41351,ID.4 (E21),"2020-05",,121
41359,"LEON (KL1, KU1, KUG)","2020-09",,4896
41360,"LEON Sportstourer (KL8, KU8, KUD)","2020-09",,4896
41363,"LARGUS (KS0_, RS0_, KSA_)","2012-03",,63
41372,ACROSS (A5Z_),"2020-06",,109
41499,"CADDY V MPV (SBB, SBJ)","2020-09",,121
41500,"CADDY V Box Body/MPV (SBA, SBH)","2020-09",,121
41502,"500e (332_)","2020-10",,35
41503,"500e Convertible (332_)","2020-10",,35
41507,Q5 Van (8RB),"2008-11","2017-12",5
41515,"807 Van (EB_)","2002-06",,88
41520,"Q5 Van (FYB, FYG)","2016-05",,5
41521,Q7 Van (4LB),"2006-03","2016-01",5
41522,"Q7 Van (4MB, 4MG)","2015-01",,5
41523,C35 Van,"2018-02",,4269
41524,C31 Platform/Chassis,"2018-02",,4269
41525,C32 Platform/Chassis,"2018-02",,4269
41553,CAPTIVA Van (C100),"2006-06",,138
41554,TOURAN Box Body/MPV (1T3),"2010-05","2015-05",121
41562,CX-5 Van (KE_),"2011-11","2017-02",72
41563,"806 Van (AF_)","1994-06","2003-02",88
41570,ES11,"2020-11",,5123
41571,"2008 I Van (CU_)","2013-03",,88
41572,"3008 Van (0U_)","2009-05","2017-12",88
41573,"3008 Van (MR_, MC_, MJ_)","2016-05",,88
41598,"5008 I Van (0U_)","2009-06","2017-03",88
41599,CARNIVAL IV (KA4),"2020-09",,184
41600,"5008 II Van (MC_, MJ_)","2016-12",,88
41602,"4007 Van (VU_, VV_)","2007-02","2013-03",88
41603,C4 PICASSO II Van (DD_),"2013-01",,21
41604,"C8 Van (EA_, EB_)","2002-06",,21
41605,C-CROSSER Van (VU_),"2007-02","2012-12",21
41607,"EVASION Van (U6_, AF_)","1994-03","2002-10",21
41608,PREMACY Van (CP_),"1999-01","2005-06",72
41613,GALAXY MK II VAN (WA6),"2006-05","2015-06",36
41615,DISCOVERY V VAN (L462),"2016-09",,1820
41616,GALAXY MK I VAN (WGR),"1995-03","2006-05",36
41617,ix35 Van,"2009-08","2015-12",183
41619,KUGA I VAN,"2008-02","2012-11",36
41623,SANTA FÉ I SUV Van (SM),"2000-08","2006-03",183
41624,SANTA FÉ II SUV Van (CM),"2005-10","2015-03",183
41625,SANTA FÉ III SUV Van (DM),"2012-09",,183
41626,TRAJET Box Body/MPV (FO),"1999-09","2008-07",183
41627,TUCSON SUV Van (JM),"2004-06","2010-03",183
41628,CARENS IV Van (A4),"2013-03",,184
41629,"TUCSON (NX4E, NX4A)","2020-10",,183
41630,SORENTO II SUV Van (XM),"2009-06","2015-12",184
41641,TRANS SPORT (2U_),"1996-11","2003-09",138
41643,"OUTLANDER III Van (GF_W, GG_W)","2010-11",,77
41645,JUKE Van (F15),"2010-06","2019-12",80
41649,E-HS9,"2020-12",,2871
41651,FIORINO MPV (146_),"1988-01","2000-05",35
41653,FIORINO MPV (225_),"2007-01",,35
41654,IDEA Van (350_),"2003-12",,35
41655,DISCOVERY SPORT VAN (L550),"2014-09",,1820
41657,RANGE ROVER EVOQUE VAN (L538),"2011-06","2019-12",1820
41658,X-TRAIL VAN (T31),"2007-03","2014-02",80
41660,ALHAMBRA VAN (711),"2010-06","2023-06",104
41662,"ALHAMBRA VAN (7V8, 7V9)","1996-03","2010-03",104
41663,KORANDO VAN,"2010-07",,175
41664,REXTON VAN (Y400),"2017-07",,175
41665,REXTON / REXTON II VAN,"2002-04",,175
41666,REXTON W / REXTON VAN,"2012-07",,175
41667,RODIUS II VAN (CA1),"2013-06",,175
41668,XLV VAN,"2016-04",,175
41669,RAV 4 IV VAN (_A4_),"2012-12",,111
41670,"RAV 4 V VAN (_A5_, _H5_)","2018-12",,111
41674,VERSO VAN (_R2_),"2009-04","2018-08",111
41675,XC60 I VAN (156),"2008-05","2017-12",120
41676,"SHARAN Box Body/MPV (7N1, 7N2)","2010-05",,121
41677,SHARAN Box Body/MPV (7M_),"1995-05","2010-03",121
41678,TIGUAN VAN (5N_),"2007-09","2018-07",121
41679,"TOURAN Box Body/MPV (1T1, 1T2)","2003-02","2010-05",121
41680,TOUAREG VAN (7P5),"2010-01","2018-12",121
41681,NITRO VAN (KA),"2006-09","2011-12",29
41682,XC90 I VAN (275),"2002-06","2015-01",120
41683,MULTIPLA VAN (186_),"1999-04","2010-06",35
41686,JOURNEY VAN (JC),"2008-06",,29
41688,S-MAX VAN (WA6),"2006-05","2014-12",36
41689,A4 B7 Convertible (8HE),"2002-01","2010-01",5
41690,CHEROKEE VAN (KL),"2013-06",,882
41692,COMMANDER VAN (XH),"2005-09","2010-12",882
41693,GRAND CHEROKEE VAN (WK2),"2010-06",,882
41694,"RENEGADE VAN (BU, B1)","2014-07",,882
41699,SPORTAGE VAN,"1994-04","2005-04",184
41701,QASHQAI I VAN (J10),"2006-12","2014-04",80
41702,QASHQAI II VAN (J11_),"2013-11",,80
41715,Q5 Sportback (FYT),"2020-11",,5
41716,MERIVA B VAN (S10),"2010-06","2017-03",84
41718,ZAFIRA TOURER C VAN (P12),"2011-10","2014-10",84
41719,"SCÉNIC I VAN (FA0_, JA0/1_)","1999-08","2010-07",93
41720,SCÉNIC III VAN (JZ0/1_),"2008-12","2016-09",93
41721,PRIUS PLUS VAN (_W4_),"2011-05",,111
41722,C-HR VAN (_X1_),"2016-10",,111
41723,MEGANE Scénic VAN (JA0/1_),"1996-10","2001-12",93
41724,ESPACE II VAN (J/S63_),"1991-01","1997-10",93
41725,MURANO II VAN (Z51),"2007-10","2014-09",80
41727,PATHFINDER III VAN (R51_),"2005-01","2014-08",80
41729,SERENA VAN (C23),"1991-06","2001-09",80
41740,SPACE WAGON VAN (D0_V/W),"1983-10","1992-01",77
41741,SORENTO I VAN (JC),"2002-08","2011-12",184
41742,XC70 II VAN (136),"2007-04","2016-12",120
41743,VOYAGER III VAN (GS_),"1995-01","2001-12",20
41744,TRANS SPORT VAN (UM05),"1989-07","1997-12",774
41751,SPITFIRE MK I (FC),"1962-10","1965-12",112
41752,SPITFIRE MK II (FD),"1964-12","1967-01",112
41753,SPITFIRE MK III (FD),"1966-09","1970-11",112
41754,SPITFIRE MK IV (FD),"1970-12","1974-11",112
41758,VOYAGER IV VAN (S_),"1999-09","2008-12",20
41760,M,,,16
41761,FLORIDA (VX65),"1988-10","2008-11",2816
41762,RALLY REPLICA,,,2760
41763,SIAN FKP 37 Roadster,"2020-09",,701
41766,ET7,"2021-01",,4780
41767,GOLF ALLTRACK VIII (CG5),"2020-11",,121
41769,FAVORIT Estate Van (785),"1989-01","1995-08",106
41775,MINI II,"1967-10","1994-06",6
41793,TEMPRA S.W. (159_),"1990-04","1996-07",35
41794,AMI (9A_),"2020-04",,21
41795,S-CLASS (V223),"2020-09",,74
41802,"3","2020-07",,5590
41805,VN5 Van,"2017-07",,5194
41808,SF90 Spider Convertible,"2018-07",,700
41810,EQA (H243),"2021-02",,74
41812,"E-TRON GT Saloon (F83, F8P)","2020-07",,5
41822,T3,"2014-07",,3122
41824,C-CLASS (W206),"2021-03",,74
41826,B8 GRAN COUPE (G16),"2020-07",,866
41835,C-CLASS T-MODEL (S206),"2021-03",,74
41846,eDELIVER 9 Van,"2019-07",,3300
41853,PORTER NP6 (NP6),"2020-07",,181
41881,BRONCO Open Off-Road Vehicle,"2019-07",,776
41894,T90,"2021-03",,3300
41895,"001","2021-04",,6168
41901,FINN,"2020-01",,6177
41903,DR 5.0 SUV,"2019-07",,3497
41906,LEO,"2020-01",,6177
41907,DR F35 SUV,"2020-01",,3497
41919,IONIQ 5 (NE),"2020-07",,183
41930,Q4 E-TRON SUV (F4B),"2020-07",,5
41931,MIRAI (JPD2_),"2020-11",,111
41933,"2 Coupe (G42, G87)","2021-08",,16
41934,S-CLASS (Z223),"2021-04",,74
41979,iX (I20),"2021-07",,16
41986,ARIYA (FE0),"2020-07",,80
41987,QASHQAI III (J12),"2021-04",,80
41989,"OUTLANDER IV (GM_W, DG, GN_W)","2021-06",,77
41995,"DS 4 II (FR_, FB_, F3_, FP_, F4_)","2021-10",,4468
41996,"308 III (FB_, FH_, FP_, F3_, FM_)","2021-07",,88
41997,STARIA Bus (US4),"2021-01",,183
41998,"400 Superamerica Coupe (_SA)","1959-01","1964-12",700
41999,"400 Superamerica Spider (_SA)","1959-01","1964-12",700
42007,EQV (W447),"2020-06",,74
42086,"275 GTS","1964-01","1966-12",700
42096,"4 Gran Coupe (G26)","2021-07",,16
42127,FREE,"2021-06",,6223
42129,GV70 (JK1),"2020-12",,4473
42133,FABIA IV (PJ3),"2021-06",,106
42135,LC Convertible (_Z10_),"2020-07",,842
42137,SANDERO III,"2021-01",,139
42139,MC 20 Coupe,"2020-09",,771
42141,TAIGO (CS1),"2021-09",,121
42143,BORN (K11),"2021-08",,4896
42200,"308 SW III (FC_, FJ_, FR_, F4_, FN_)","2021-07",,88
42202,Q4 E-TRON Sportback (F4N),"2021-06",,5
42210,EQS (V297),"2021-08",,74
42211,BAYON (BC3),"2021-05",,183
42214,TAYCAN Cross Turismo (Y1B),"2020-05",,92
42217,MG 5 Estate,"2020-10",,75
42228,STARIA Van (US4),"2021-01",,183
42367,EXPRESS Box Body/MPV,"2021-05",,93
42368,KANGOO III MPV,"2021-07",,93
42369,KANGOO III Box Body/MPV,"2021-06",,93
42373,DOLPHIN,"2021-08",,3122
42374,G70 Shooting Brake (IK),"2021-06",,4473
42376,TOURAN Box Body/MPV (5T1),"2015-05",,121
42391,CITAN Box Body/MPV (W420),"2021-09",,74
42392,CITAN Tourer (W420),"2021-09",,74
42435,"C5 X (ND_, NC_)","2021-09",,21
42436,GV60 (JW),"2021-10",,4473
42437,ROCKS-E,"2021-10",,84
42440,"2 Active Tourer (U06)","2021-11",,16
42441,EQB (X243),"2021-09",,74
42442,EQE (V295),"2022-02",,74
42457,ARTURA,"2021-10",,1518
42466,EV6 (CV),"2021-07",,184
42467,"296 GTB Coupe (F171)","2021-10",,700
42476,LYRIQ (6M_),"2021-10",,819
42479,CIVIC XI Saloon (FE),"2021-01",,45
42481,X35,"2021-09",,3773
42496,GRAND CHEROKEE L V (WL),"2021-05",,882
42499,BEO,"2021-07",,6177
42515,"NX II (_A2_, _H2_)","2021-09",,842
42517,"MULTIVAN T7 (STM, STN)","2021-08",,121
42518,PRIMASTAR Van (X82),"2021-11",,80
42519,TOWNSTAR Box Body/MPV (XFK),"2021-12",,80
42520,TOWNSTAR MPV (XFK),"2021-12",,80
42521,MARVEL R,"2021-02",,75
42527,TIVOLI GRAND,"2021-06",,175
42533,ASTRA L (OV5),"2021-10",,84
42534,"CALIFORNIA T4 Camper (7DJ, 7DK, 70J)","1990-09","2004-08",121
42535,"CALIFORNIA T5 Camper (7EC, 7EF, 7EG, 7HF, 7HC)","2003-04","2016-04",121
42536,"CALIFORNIA T6 Camper (SGC, SGG, SHC)","2015-04","2024-08",121
42537,RANGE ROVER V (L460),"2021-10",,1820
42538,EX3,"2021-11",,5244
42544,EMIRA,"2021-11",,802
42553,SPORTAGE V (NQ5),"2021-09",,184
42557,MIFA 9,"2021-11",,3300
42564,G3i,"2021-07",,5184
42571,ID.5 (E39),"2021-07",,121
42573,C40 (539),"2021-10","2024-12",120
42574,LOGAN III (3K_),"2021-05",,139
42575,JOGGER (RK_),"2021-09",,139
42577,INTERSTAR Van (X62B),"2021-11",,80
42578,INTERSTAR Platform/Chassis (X62B),"2021-11",,80
42591,ET5,"2021-12",,4780
42605,S-CROSS,"2022-01",,109
42612,K8 (GL3),"2021-03",,184
42616,MOVANO C Van (U9),"2021-12",,84
42617,MOVANO C Platform/Chassis (U9),"2021-12",,84
42626,BRZ (ZD8),"2021-10",,107
42635,AYGO X (_B7_),"2022-03",,111
42636,MEGANE E-TECH SUV,"2021-11",,93
42637,G80 (RG),"2020-08",,4473
42642,ASTRA L Sports Tourer (OV5),"2021-10",,84
42646,CIVIC XI Hatchback (FL),"2021-01",,45
42650,DAILY V Bus,"2011-09","2014-02",55
42655,PIO,"2021-07",,6177
42661,GS-6,"2021-09",,5501
42667,C-CLASS All-Terrain (S206),"2021-12",,74
42677,CX-60 (KH_),"2022-03",,72
42679,TONALE (965_),"2022-03",,2
42681,ENYAQ iV Coupe (5AC),"2021-07",,106
42683,bZ4X (_EAM1_),"2021-12",,111
42684,HR-V (RV),"2021-04",,45
42702,ATTO 3,"2022-02",,3122
42705,"CADDY CALIFORNIA V Camper (SBB, SBJ)","2020-09",,121
42723,TERRANO REGULUS (R50),"1996-08","2003-06",80
42729,"2 Hatchback (KB)","2022-03",,72
42737,TOURNEO CONNECT / GRAND TOURNEO CONNECT V761 MPV (SK),"2022-02",,36
42751,GR 86 Coupe (ZN8),"2021-09",,111
42766,TAYCAN Sport Turismo (Y1C),"2021-08",,92
42781,V12 Speedster,"2021-06",,881
42823,VF 8,"2022-01",,5118
42824,VF 9,"2022-01",,5118
42833,SL (R232),"2022-03",,74
42859,ULYSSE Bus,"2022-01",,35
42860,SCUDO Bus,"2022-01",,35
42861,SCUDO Van,"2022-01",,35
42862,SCUDO Platform/Chassis,"2022-01",,35
42868,F-150 LIGHTNING Crew Cab Pickup,"2022-04",,776
42869,AIR,"2021-10",,6519
42892,INSTER (AX1),"2021-09",,183
42905,DELIVER 9 Platform/Chassis,"2020-07",,3300
42910,GRECALE,"2022-04",,771
42916,"7 (G70)","2022-07",,16
42921,DREAM,"2022-05",,6223
42923,MICROLINO (MN),"2022-02",,6545
42925,RANGE ROVER SPORT III (L461),"2022-04",,1820
42932,"ID. Buzz Bus (EBB, EBJ)","2022-05",,121
42933,ID. Buzz Cargo (EBA),"2022-04",,121
42942,T-CLASS MPV (W420),"2022-05",,74
42952,MONKEY,,,45
42955,MC 20 Convertible,"2022-05",,771
42965,"296 GTS Convertible (F 171)","2021-10",,700
42974,GLC (X254),"2022-06",,74
42983,G01 SPORT,"2022-06",,4611
42985,V40 Cross Country (526),"2012-10","2019-08",120
43013,S60 II Cross Country (134),"2015-03","2018-12",120
43014,SUPER ADVENTURE,,,2760
43015,SUPER DUKE,,,2760
43016,EL7,"2022-06",,4780
43018,V60 I Cross Country (157),"2010-09","2018-12",120
43021,V60 II Cross Country (227),"2018-02",,120
43022,V90 II Cross Country (236),"2016-03",,120
43036,X1 (U11),"2022-07",,16
43038,A1 Allstreet (GBH),"2022-07",,5
43039,PONY,"2022-06",,3071
43050,YOYO,"2022-07",,6588
43051,"300 Saloon (W186)","1951-04","1957-07",74
43052,"300 Saloon (W189)","1957-08","1962-03",74
43053,"300 Cabriolet D (W186)","1951-04","1956-06",74
43054,"300 Cabriolet D (W189)","1958-07","1962-02",74
43055,"300 Coupe (W188)","1951-09","1958-04",74
43056,"300 Roadster (W188)","1952-09","1958-02",74
43057,"300 Cabriolet A (W188)","1951-09","1957-07",74
43064,AUSTRAL,"2022-07",,93
43073,OMODA 5,"2022-07",,2887
43081,EQS SUV (X296),"2022-10",,74
43086,V-CLASS Van (638/2),"1996-08","2003-07",74
43107,SEAL,"2022-07",,3122
43122,"408 II (FP_, F3_, FM_)","2022-07",,88
43125,#1,"2022-06",,1138
43132,SUPER CUB,,,45
43407,B4 Gran Coupe (G26),"2022-03",,866
43503,X-TRAIL IV (T33),"2022-09",,80
43524,PRIMASTAR Bus (X82),"2021-11",,80
43525,"RX (_LA1_, _LH1_)","2022-06",,842
43538,G90 (RS4),"2021-12",,4473
43543,"DOBLO MPV (510_, 511_, 360_, 361_)","2022-06",,35
43544,"DOBLO Box Body/MPV (510_, 511_)","2022-06",,35
43547,COUNTACH,"2022-06",,701
43557,"DS 7 (J4_, JC_)","2022-09",,4468
43566,MG 4 (EH32),"2022-07",,75
43593,NIRO II (SG2),"2022-01",,184
43597,G9,"2022-09",,5184
43601,SOLTERRA,"2022-06",,107
43630,EL7,"2023-01",,4780
43639,"110/127 Pick-up (LDH)","1984-06","1990-12",1820
43641,G-CLASS Platform/Chassis (W461),"1989-09",,74
43664,U6,"2022-10",,5500
43665,POLESTAR 3,"2023-10",,4817
43684,"C4 X (BD_, BE_, BF_)","2022-09",,21
43691,ELETRE,"2022-10",,802
43696,PUROSANGUE FUV,"2022-10",,700
43699,EQE SUV (X294),"2022-12",,74
43700,Q8 E-TRON SUV (GEG),"2022-11",,5
43701,Q8 E-TRON Sportback (GET),"2022-11",,5
43732,EUNIQ 5 Van,"2019-09",,3300
43733,eDELIVER 3 Platform/Chassis,"2022-10",,3300
43734,eDELIVER 9 Platform/Chassis,"2022-10",,3300
43757,GRENADIER Closed Off-Road Vehicle,"2022-08",,6576
43787,IONIQ 6 (CE),"2022-10",,183
43788,GALLOPER,"1997-02","2003-12",5475
43789,"10 Pick Up","1979-10","2006-12",1360
43810,XM (G09),"2022-12",,16
43843,EX90 (356),"2022-11",,120
43848,AVENGER (J2),"2022-12",,882
43849,TORRES (J100),"2022-06",,175
43866,D4 Gran Coupe (G26),"2022-03",,866
43881,TRANSIT CONNECT V761 Box Body/MPV (SKN),"2024-05",,36
43884,EQT (W420),"2023-01",,74
43898,EL8,"2022-12",,4780
43911,"ASX (VSX_, VSE_)","2023-01",,77
43912,CL,,,45
43913,XP,,,88
43918,CE 04,,,16
43929,GRENADIER Closed Off-Road Van,"2022-08",,6576
43957,T5 EVO,"2021-03",,6363
43958,E.WAVE X,"2023-02",,5705
43959,OCEAN,"2023-02",,3738
43972,RZ (_BM1_),"2023-01",,842
43986,PIAGGIO 1,,,181
44034,RANGER Crew Cab Pickup,"2022-03",,776
44035,RANGER Extended Cab Pickup,"2022-03",,776
44043,RANGER Standard Cab Pickup,"2022-03",,776
44044,RANGER Cab & Chassis,"2022-03",,776
44046,CROSSTREK (GU_),"2023-01",,107
44048,"AMAROK (T1A, T1B)","2022-09",,121
44049,"500E Hatchback (332_)","2023-02",,3854
44050,"500E Convertible (332_)","2023-02",,3854
44052,TRANSIT CUSTOM V710 Van (NRN),"2023-10",,36
44053,TOURNEO CUSTOM V710 Bus (NXN),"2023-12",,36
44057,GRAN TURISMO II (M189),"2023-01",,771
44059,"812 SUPERFAST Targa (F152M)","2021-07",,700
44076,COFFEE 01,"2023-01",,4751
44080,COFFEE 02,"2023-04",,4751
44081,DYO,"2023-03",,6177
44096,"580","2017-06",,4269
44098,T10X,"2023-07",,5558
44143,PRIUS (_W6_),"2023-01",,111
44187,DR 1.0 Hatchback,"2023-02",,3497
44195,ISABELLA Coupe,"1957-01","1961-09",136
44231,X,"2023-04",,6168
44235,KONA (SX2),"2023-04",,183
44273,"750S Coupe","2023-04",,1518
44296,POLESTAR 4,"2023-04",,4817
44346,e-JS4,"2022-12",,2873
44353,REVUELTO,"2023-05",,701
44357,ROMA Spider (488),"2023-04",,700
44359,"750S Convertible","2023-04",,1518
44360,DR 6.0 SUV,"2022-03",,3497
44361,DR 7.0 SUV,"2023-05",,3497
44363,GRANDEUR (GN7),"2022-11",,183
44365,FABIA II Praktik (545),"2006-12","2014-12",106
44366,FABIA III Praktik (NJ5),"2014-08","2022-12",106
44373,"170 Platform/Chassis (W136)","1946-05","1955-09",74
44374,"170 Estate Van (W136)","1946-05","1955-09",74
44375,"170 Convertible (W136)","1949-05","1952-12",74
44382,"5 (G60, G90, G68)","2023-07",,16
44384,EVO 3,"2021-04",,6862
44385,EVO 4,"2022-07",,6862
44386,EVO 5,"2023-04",,6862
44387,CROSS 4 Pickup,"2022-12",,6862
44392,"500","2021-09",,4269
44393,EX30 (416),"2023-06",,120
44399,ZR-V,"2023-04",,45
44401,FENGON 5,"2020-01",,4269
44402,FENGON 7,"2021-09",,4269
44404,DR 3.0,"2022-09",,3497
44405,DR 4.0,"2020-10",,3497
44406,DR PK8,"2023-04",,3497
44410,DAYTONA SP3,"2022-12",,700
44418,ESPACE VI (RHN),"2023-05",,93
44424,"CR-V VI (RS_, RY_)","2022-09",,45
44425,COLT VII Hatchback (VB_),"2023-09",,77
44437,SPORTEQUIPE 5,"2023-05",,6874
44438,SPORTEQUIPE 6,"2023-05",,6874
44439,SPORTEQUIPE 7,"2023-05",,6874
44440,K2,"2023-05",,6873
44448,e:Ny1,"2023-03",,45
44456,ET5 Touring,"2023-06",,4780
44457,EL6,"2023-10",,4780
44467,EV9 (MV),"2023-06",,184
44486,RANGER IV,"2022-08",,36
44488,ADVENTURER,,,112
44493,RAFALE Coupe (DGM_),"2023-06",,93
44495,"5 Coupe","2023-06",,5590
44499,ES6,"2023-05",,4780
44502,PM,,,88
44513,"315 Saloon","1934-04","1937-06",16
44515,"315 Convertible","1934-04","1937-06",16
44517,TIGGO 9,"2023-05",,2887
44518,"315 Roadster","1934-04","1935-07",16
44523,#3,"2023-06",,1138
44530,GRENADIER Quartermaster,"2023-07",,6576
44533,"600e / 600 (365_, 364_)","2023-07",,35
44535,GLC Coupe (C254),"2022-06",,74
44541,TOURNEO COURIER V769 MPV (N1P),"2023-07",,36
44542,TRANSIT COURIER V769 Box Body/MPV (N3P),"2023-11",,36
44552,E-CLASS (W214),"2023-07",,74
44565,G-CLASS Closed Off-Road Vehicle (W464),"2022-06",,74
44566,G-CLASS Platform/Chassis (W464),"2022-06",,74
44587,G6,"2023-06",,5184
44626,DOKKER Pickup,"2017-09","2021-12",139
44678,SPECTRE (RR25),"2023-10",,705
44689,"319 Saloon","1934-12","1937-03",16
44690,"319 Convertible","1934-12","1937-03",16
44691,"319 Roadster","1935-02","1936-07",16
44693,"320 Saloon","1937-02","1938-12",16
44694,"320 Convertible","1937-02","1938-12",16
44696,"321 Saloon","1938-12","1941-04",16
44697,"321 Convertible","1938-12","1941-04",16
44698,"326 Saloon","1936-02","1941-04",16
44699,"326 Convertible","1936-02","1941-04",16
44702,"C-HR (_X2_, _H2_)","2023-10",,111
44739,E-CLASS T-Model (S214),"2023-07",,74
44748,WAVE 3,"2022-07",,7024
44750,ID.7 (ED2),"2023-06",,121
44771,MIFA 7,"2023-08",,3300
44778,"1","2023-08",,7029
44779,DAILY I Bus,"1978-01","1989-12",55
44789,CLE (C236),"2023-10",,74
44794,"08","2023-09",,4612
44795,"LBX (_AYH1_, _AYA1_)","2023-09",,842
44813,A-SERIES,"1973-01","1982-12",36
44814,TOPOLINO,"2023-09",,35
44833,TRANSIT CUSTOM V710 Bus (NXN),"2024-03",,36
44847,IMPREZA Hatchback (GU_),"2023-04",,107
44849,MINI COUNTRYMAN (U25),"2023-11",,1523
44851,EVO 7,"2023-10",,6862
44853,E-CLASS All-Terrain (S214),"2023-10",,74
44856,MINI COOPER (J01),"2023-11",,1523
44860,VF 6,"2023-09",,5118
44861,X2 (U10),"2023-11",,16
44880,TAVASCAN (KR1),"2024-03",,4896
44884,CE 02,,,16
44902,XLV,,,45
44918,FT,,,45
44999,LM (_H1_),"2023-06",,842
45004,CJ,,,45
45010,SUPERB IV Estate (NZ5),"2023-11",,106
45012,PANAMERA (976),"2023-06",,92
45013,"3008 III (KA_, KB_, KC_)","2023-11",,88
45017,PASSAT B9 Variant (CJ5),"2023-10",,121
45018,eDELIVER 7 Van,"2023-12",,3300
45019,TL,,,45
45020,C5,"2023-03",,7642
45022,SL,,,45
45023,AMG GT (C192),"2023-10",,74
45037,SCENIC E-TECH PHASE I,"2023-11",,93
45048,U-TOUR,"2023-11",,6363
45050,SPORTEQUIPE 8,"2023-11",,6874
45053,VALOUR,"2023-11",,881
45054,TIGUAN (CT1),"2023-09",,121
45065,"SWIFT VI (ZD_, ZC_)","2023-12",,109
45076,GRAND KANGOO III MPV,"2024-01",,93
45077,MUSTANG Coupe,"2023-06",,776
45078,MUSTANG Convertible,"2023-06",,776
45095,C5 II Estate Van (RE_),"2004-09","2008-01",21
45114,eDELIVER 5 Van,"2023-09",,3300
45125,KODIAQ II (PS7),"2024-01",,106
45132,SUPERB IV (NZ3),"2023-11",,106
45134,CARO Van,"2022-11",,6177
45147,X5 PLUS,"2024-01",,2852
45149,EMEYA,"2024-01",,802
45170,"C3 IV (CC_, CB_)","2024-01",,21
45173,SEAL U,"2024-02",,3122
45179,CLE Convertible (A236),"2024-02",,74
45181,MACAN (XAB),"2024-02",,92
45189,"5 Touring (G61, G99)","2024-03",,16
45190,"TORRES (U100, J100, J140)","2023-11",,7030
45191,TIVOLI (_0W),"2023-11",,7030
45192,KORANDO (C300),"2023-11",,7030
45193,REXTON (POE),"2023-11",,7030
45194,"MUSSO (XAE, O100, Q260)","2023-11",,7030
45199,CH40 Hatchback,"2018-04",,2916
45200,CH46 Hatchback,"2019-03",,2916
45202,MYMOOVER,,,181
45206,YPSILON (L21),"2024-02",,64
45214,EC40 (539),"2024-04",,120
45215,EX40 (536),"2024-04",,120
45242,R 1300,,,16
45244,"MINI (F66, F65)","2024-03",,1523
45252,ORA 03 (ES11),"2024-01",,2903
45262,ID.7 Tourer (ED5),"2024-02",,121
45278,C10,"2024-03",,5201
45282,"5","2022-03",,7642
45296,"DUSTER (PYM_, PYN_)","2023-11",,139
45297,GRENADIER Quartermaster,"2024-03",,6576
45303,"05","2023-01",,4751
45309,F (801cc - ),,,16
45312,ARTURA Spider 2024,"2024-03",,1518
45314,MONO,"2019-04",,8047
45320,GRANCABRIO (M189),"2024-03",,771
45322,EH7,"2024-03",,2871
45328,EV5,"2024-03",,184
45329,SANTA FE V (MX5),"2024-01",,183
45331,ATTO 2,"2024-03",,3122
45332,Q6 E-TRON (GFB),"2024-04",,5
45343,"07","2024-04",,5123
45344,MG 3 (ZP2_),"2024-02",,75
45351,A3 Allstreet (8YJ),"2024-02",,5
45356,EXPLORER (CX740),"2024-06",,776
45361,J7,"2024-02",,8059
45362,CBR (601cc - ),,,45
45366,G-CLASS Closed Off-Road Vehicle (W465),"2024-04",,74
45367,VALKYRIE,"2021-05",,881
45369,E30X,"2024-04",,2873
45372,LAND CRUISER (_J25_),"2023-10",,111
45381,"JUNIOR (626_, 627_)","2024-04",,2
45387,MINI ACEMAN (J05),"2024-04",,1523
45415,CX-80 (KL_),"2024-04",,72
45456,C3 AIRCROSS II (SJ_),"2023-11",,21
45458,WEY 03,"2024-03",,2903
45459,WEY 05,"2024-01",,2903
45469,X75,"2020-06",,3773
45496,BJ60,"2022-11",,3773
45503,VALHALLA,"2024-03",,881
45516,MASTER IV Van (F8__),"2024-06",,93
45517,INTERSTAR Van (XDD),"2024-06",,80
45520,SEALION 7,"2024-05",,3122
45528,SYMBIOZ,"2024-05",,93
45548,EM,,,45
45615,SEAL 06 Saloon,"2024-05",,3122
45638,"12 CILINDRI Coupe","2024-03",,700
45639,"12 CILINDRI Convertible","2024-03",,700
45656,F22,"2022-10",,4658
45659,X3 (G45),"2024-08",,16
45662,"PROACE MAX Van (MFY_, MFQ_)","2024-07",,111
45663,PROACE MAX Platform/Chassis (MFY_),"2024-07",,111
45665,FENGON 6,"2024-04",,4269
45669,GTS,"2024-06",,1518
45683,ELROQ (PYL),"2024-11",,106
45684,FRONTERA (OV24),"2024-07",,84
45693,CYBERSTER,"2024-09",,75
45694,EL8,"2024-07",,4780
45707,VALIANT,"2024-07",,881
45723,"CAMRY (_VA8_, _VH8_, _V8_)","2024-01",,111
45725,A5 Hatchback (FU2),"2024-07",,5
45726,A5 Avant (FU5),"2024-07",,5
45735,A6 e-tron Avant (GH5),"2024-07",,5
45736,A6 e-tron Sportback (GHA),"2024-07",,5
45747,JS 60,"2020-09",,1513
45748,MYLI,"2023-05",,1513
45773,MÓ,,,104
45786,GB,,,45
45801,A290,"2024-07",,810
45805,EV3,"2024-11",,184
45817,Q5 (GUB),"2025-01",,5
45847,GLORY 600,"2024-04",,4269
45848,GLORY 600,"2024-04",,5486
45860,BOX,"2024-09",,3659
45878,VANQUISH,"2024-09",,881
45882,TEMERARIO,"2024-09",,701
45883,TAYRON (R41),"2024-11",,121
45884,BIGSTER,"2024-10",,139
45885,CAPRI (CX740L),"2024-10",,36
45888,GRANDLAND (OV64),"2024-10",,84
45892,"9","2024-10",,7642
45895,"7X","2024-09",,6168
45899,F80,"2024-10",,700
45967,COURAGE,"2024-10",,6223
45976,ACTYON (J120),"2024-08",,7030
45987,EC75 Van,"2024-01",,4269
45991,S05,"2024-10",,6587
45994,"2 Gran Coupe (F74)","2024-11",,16
45998,#5,"2024-10",,1138
45999,eTERRON 9 Pickup,"2024-11",,3300
46000,"600e (365)","2024-10",,3854
46039,GRANDE PANDA (325),"2024-10",,35
46078,EVO 6,"2024-10",,6862
46099,"02","2024-12",,4612
46104,Q5 Sportback (GUN),"2025-01",,5
46105,E5,"2024-11",,4269
46108,GRAVITY,"2024-11",,6519
46110,CONTINENTAL Coupe (Z23),"2024-07",,815
46118,FORESTER (SL_),"2024-11",,107
46142,WEEZ,"2022-10",,8322
46148,N°8,"2025-02",,4468
46149,S04,"2025-01",,8327
46222,"4","2025-01",,93
46224,BJ30,"2024-07",,3773
46225,X3 PRO,"2023-09",,6739
46242,BEIJING X55,"2024-09",,3773
46294,TIVOLI GRAND (X15),"2024-06",,7030
46296,EHS7,"2025-03",,2871
46303,BENTO PRO (CCVYC),"2024-10",,8369
46315,STREETZONE,,,88
46342,ES90 (334),"2025-03",,120
46350,"DUO (BCVYB, CCVYB)","2025-01",,8369
46353,CONTINENTAL Convertible (Z24),"2024-07",,815
46354,MISTRAL,"2024-11",,788
46380,TIGER SIX,"2025-03",,8402
46409,YUDO,"2024-05",,7024
46411,"6","2024-11",,7024
46417,A6 C9 Avant (FN5),"2025-04",,5
46437,TIGGO 7,"2024-11",,2887
46440,TIGGO 8 PLUS,"2024-09",,2887
46449,"6e (GN)","2025-06",,72
46459,AMI,"2025-06",,21
46461,MGS5 (ES34),"2025-03",,75
46472,"7","2024-11",,7024
46478,"4","2024-11",,7024
46491,"390",,,2760
46492,"125",,,2760
46505,TF,,,112
46527,"IONIQ 9 (ME, ME1)","2025-02",,183
46528,B10,"2025-04",,5201
46538,SUPERSPORT,"2025-04",,803
46598,K3 Closed Off-Road Vehicle,"2025-05",,8445
46602,VISTIQ,"2025-02",,819
46611,A6 C9 (FN2),"2025-04",,5
46620,FIREFLY,"2025-04",,8454
46621,NEVERA,"2022-11",,7535
46622,CLA (C174),"2025-04",,74
46665,URBAN CRUISER SUV (1C),"2025-01",,111
46675,"eVITARA (PA, PB)","2025-01",,109
46676,"2","2024-12",,4764
46679,"4","2024-12",,4764
46692,COMPASS (J4U),"2025-05",,882
46705,N°4,"2025-06",,4468
46721,DOLPHIN SURF,"2023-04",,3122
46728,CB ( - 250cc),,,45
46736,PV5 Bus,"2025-06",,184
46737,PV5 Van,"2025-06",,184
46738,E5,"2025-06",,8485
46757,TIGER (1000cc - ),,,112
46765,T10F,"2025-01",,5558
46770,S400,"2025-06",,142
46779,Q3 (FJB),"2025-07",,5
46789,MICRA MK VI (K15),"2025-07",,80
46790,LEAF,"2025-07",,80
46799,EV4,"2025-10",,184
46800,EV4 FASTBACK,"2025-10",,184
46803,SEAL 6 DM-i Estate,"2025-07",,3122
46807,C5 AIRCROSS II,"2025-07",,21
46833,"5","2025-07",,8059
46839,AMALFI,"2026-01",,700
46852,SEAL 5,"2025-06",,3122
46882,"212","2025-08",,7024
46894,MCPURA Coupe (M240),"2025-07",,771
46895,MCPURA Convertible (M240),"2025-07",,771
46919,R 12,,,16
46944,A390 (DZ110),"2025-12",,810
46947,POLESTAR 5,"2025-09",,4817
46951,Ora 07,"2023-12",,2903
46970,CX-5,"2025-09",,72
46972,T-ROC II,"2025-09",,121
46987,"849 TESTAROSSA","2026-03",,700
46988,"849 TESTAROSSA SPIDER Spider","2026-03",,700
46990,WN7,,,45
46992,ES,"2026-10",,8583
46993,ET,"2026-10",,8583
46995,K4 Hatchback,"2026-01",,184
46999,PRELUDE (BF_),"2025-09",,45
47001,C-HR+,"2025-10",,111
47021,Cuatro,"2025-10",,6862
47029,"4 SUV Van","2025-10",,93
47045,FORTHING 9,"2025-10",,4269
47047,CLIO,"2025-10",,93
47048,GLC,"2025-11",,74
47051,GRANDIS,"2025-11",,77
47056,iX3 (NA5),"2025-07",,16
47057,ECLIPSE CROSS MK II,"2025-11",,77
47064,BRABUS,,,2760
90000,"5008 III (KA_, KB_, KC_)","2024-08",,88
90001,"1 (F70)","2024-07",,16
90030,"5","2024-06",,93
90040,"MASTER IV Platform/Chassis (EH_, UH_, HH_)","2024-06",,93
90041,MASTER IV Bus,"2024-06",,93
90042,INTERSTAR Platform/Chassis (XDE),"2024-09",,80
90043,TOWNSTAR EVALIA MPV (XFK),"2024-05",,80
90066,TERRAMAR (KP1),"2024-06",,4896
90084,HS (AS33),"2024-04",,75
90087,"HILUX IV Platform/Chassis (_N5_, _N6_)","1983-08","1988-08",111
90117,CALIFORNIA T7 Camper (STC),"2024-08",,121
90127,MINI Convertible (F67),"2025-02",,1523
90131,"TRANSPORTER T7 / CARAVELLE T7 Bus (TV_, TW_)","2024-07",,121
90132,"TRANSPORTER T7 Van (TV_, TW_)","2024-07",,121
90134,DELIVER 7 Van,"2024-10",,3300
90137,"TRANSPORTER T7 Platform/Chassis (TX_, TY_)","2024-07",,121
90152,SPRING Cargo,"2024-12",,139
90166,"C3 IV Van (CC_, CB_)","2024-01",,21
90173,QASHQAI +2 (JJ10E),"2007-02","2015-01",80
90174,QASHQAI +2 VAN (JJ10E),"2008-08","2014-04",80
90176,C3 ORIGIN III (SX),"2024-03",,21
90186,PORTER NPE,"2025-01",,181
90194,"TORRES (U100, J100)","2023-11",,7030
90198,Q6 E-TRON Sportback (GFN),"2024-12",,5
90208,ZS SUV (ZS32),"2024-09",,75
90213,MOKE (2S_),"1964-03","1993-12",6028
90222,T60 Max,"2024-10",,3300
90251,EX30 Cross Country,"2025-02",,120
90263,TOURNEO CONNECT / GRAND TOURNEO CONNECT V761 Box Body/MPV (S,"2022-05",,36
90268,TERCEL Saloon (AL2_),"1982-04","1988-02",111
